Firma,Miasto,Telefon,Czy mają własną stronę?,Strona WWW,Instagram,Facebook,Booksy,YouTube,TikTok,Jakość,Notatki scrapera
Foto Stachowiak - Fotograf - Piotrków Trybunalski Słowackiego 109,Piotrków Trybunalski,446466645,Tak,http://fotostachowiak.pl/,,,,,,6,Ma własną stronę WWW (http://fotostachowiak.pl/). Maps: https://www.google.com/maps/place/Foto+Stachowiak+-+Fotograf+-+Piotrk%C3%B3w+Trybunalski+S%C5%82owackiego+109/data=!4m7!3m6!1s0x47198a9d28156fb9:0xa29d7e44efa186f6!8m2!3d51.4102071!4d19.669922!16s%2Fg%2F1tm67p4b!19sChIJuW8VKJ2KGUcR9oah70R-naI?authuser=0&hl=pl&g_ep=EgoyMDI2MDkwOS4wIJJjKgBIAVAD&rclk=1
Media&More studio fotograficzne,Piotrków Trybunalski,604951954,Tak,http://www.mediaandmore.pl/,Tak,Tak,,,,6,Ma własną stronę WWW (http://www.mediaandmore.pl/). FB: https://www.facebook.com/mediamore/ | IG: https://www.instagram.com/mediaandmore.pl/ | Maps: https://www.google.com/maps/place/Media%26More+studio+fotograficzne/data=!4m7!3m6!1s0x47198a8ff10335a9:0x98f71d38990ceab0!8m2!3d51.40946!4d19.6827279!16s%2Fg%2F1hc42p61x!19sChIJqTUD8Y-KGUcRsOoMmTgd95g?authuser=0&hl=pl&g_ep=EgoyMDI2MDkwOS4wIJJjKgBIAVAD&rclk=1
Studio Fotograficzne Patryk Śpiewak,Piotrków Trybunalski,662007124,Nie,,Tak,Tak,,,,5,"Bardzo dobra widoczność: brak własnej strony, ale aktywne social media (Facebook + Instagram) i 51 opinii Google śr. 4.8 — najlepszy typ leada (dużo ruchu, zero www). FB: https://www.facebook.com/patrykspiewakfotografia/ | IG: https://www.instagram.com/pro_studio_01/ | Maps: https://www.google.com/maps/place/Studio+Fotograficzne+Patryk+%C5%9Apiewak/data=!4m7!3m6!1s0x4710a9d042df055f:0xb9f0a4b2de9fdbb4!8m2!3d51.4083568!4d19.6940034!16s%2Fg%2F11fs35m3vz!19sChIJXwXfQtCpEEcRtNuf3rKk8Lk?authuser=0&hl=pl&g_ep=EgoyMDI2MDkwOS4wIJJjKgBIAVAD&rclk=1"
Izabela Duma Fotografia - reportaż z chrztu - fotografia noworodkowa ciążowa dziecięca rodzinna Piotrków Trybunalski,Piotrków Trybunalski,790210053,Tak,http://www.izabeladumafotografia.pl/,Tak,Tak,,,,6,Ma własną stronę WWW (http://www.izabeladumafotografia.pl/). FB: https://www.facebook.com/izabeladumafotografia | IG: https://www.instagram.com/izabela.duma.fotografia/ | Maps: https://www.google.com/maps/place/Izabela+Duma+Fotografia+-+reporta%C5%BC+z+chrztu+-+fotografia+noworodkowa+ci%C4%85%C5%BCowa+dzieci%C4%99ca+rodzinna+Piotrk%C3%B3w+Trybunalski/data=!4m7!3m6!1s0x47198bebb114257d:0x43cdf14865b39b66!8m2!3d51.4103605!4d19.6856044!16s%2Fg%2F11q3tgmkfl!19sChIJfSUUseuLGUcRZpuzZUjxzUM?authuser=0&hl=pl&g_ep=EgoyMDI2MDkwOS4wIJJjKgBIAVAD&rclk=1
Fotografia Martyna Wychowałek,Piotrków Trybunalski,690496053,Nie,,,,,,,4,"Uzupełniony profil Google (36 opinii, śr. 5.0) — nie wykryto automatycznie FB/IG/Booksy. Social media NIE zweryfikowane indywidualnie (za duża skala) — sprawdzić ręcznie przed telefonem.  Uwaga: domena http://www.wyszko-fotografia.pl/ z wizytówki Google nie odpowiada / wygląda na wygasłą (sprawdzone DNS) — realnie brak działającej strony. Maps: https://www.google.com/maps/place/Fotografia+Martyna+Wychowa%C5%82ek/data=!4m7!3m6!1s0x47198b23d64056c3:0x3f5ca34e12f5ac17!8m2!3d51.4107946!4d19.6700908!16s%2Fg%2F11v3_0yc3y!19sChIJw1ZA1iOLGUcRF6z1Ek6jXD8?authuser=0&hl=pl&g_ep=EgoyMDI2MDkwOS4wIJJjKgBIAVAD&rclk=1"
"Agencja Foto ""Abrakan""",Piotrków Trybunalski,,Nie,,,,,,,3,"Uzupełniony profil Google (11 opinii, śr. 5.0), zdjęcia — ale brak Facebooka, Instagrama i Booksy (zweryfikowano). Maps: https://www.google.com/maps/place/Agencja+Foto+%22Abrakan%22/data=!4m7!3m6!1s0x47198a8fcc71afe5:0x8a99419da8d4eb2d!8m2!3d51.4090118!4d19.6855691!16s%2Fg%2F11h6g17s0z!19sChIJ5a9xzI-KGUcRLevUqJ1BmYo?authuser=0&hl=pl&g_ep=EgoyMDI2MDkwOS4wIJJjKgBIAVAD&rclk=1"
Tomfilm,Piotrków Trybunalski,782272888,Tak,http://tomfilm.pl/,,,,,,6,Ma własną stronę WWW (http://tomfilm.pl/). Maps: https://www.google.com/maps/place/Tomfilm/data=!4m7!3m6!1s0x47198a8c20669fe9:0x7cf3e96743e3cef2!8m2!3d51.4107871!4d19.691979!16s%2Fg%2F12hk5_pfb!19sChIJ6Z9mIIyKGUcR8s7jQ2fp83w?authuser=0&hl=pl&g_ep=EgoyMDI2MDkwOS4wIJJjKgBIAVAD&rclk=1
Czułość Światła Fotografia • Ela Jażdż,Piotrków Trybunalski,604624600,Tak,https://czuloscswiatla.pl/zadbaj-o-swoja-kobiecosc/,Tak,Tak,,,,6,Ma własną stronę WWW (https://czuloscswiatla.pl/zadbaj-o-swoja-kobiecosc/). FB: https://www.facebook.com/czuloscswiata | IG: https://www.instagram.com/czuloscswiata/ | Maps: https://www.google.com/maps/place/Czu%C5%82o%C5%9B%C4%87+%C5%9Awiat%C5%82a+Fotografia+%E2%80%A2+Ela+Ja%C5%BCd%C5%BC/data=!4m7!3m6!1s0x471a2168b98a4e5f:0x50ea35d8821b32a4!8m2!3d51.4183913!4d19.6651816!16s%2Fg%2F11m603yyk3!19sChIJX06KuWghGkcRpDIbgtg16lA?authuser=0&hl=pl&g_ep=EgoyMDI2MDkwOS4wIJJjKgBIAVAD&rclk=1
Fotografia Kamila Wojnicka,Piotrków Trybunalski,607481926,Nie,,,Tak,,,,5,"Bardzo dobra widoczność: brak własnej strony, ale aktywne social media (Facebook) i 45 opinii Google śr. 5.0 — najlepszy typ leada (dużo ruchu, zero www). FB(raw): https://www.facebook.com/share/1HHGjUAYsD/ | Maps: https://www.google.com/maps/place/Fotografia+Kamila+Wojnicka/data=!4m7!3m6!1s0x47198bd58487ae09:0x42cc90c55d89da81!8m2!3d51.4091448!4d19.6674402!16s%2Fg%2F11vs11klvg!19sChIJCa6HhNWLGUcRgdqJXcWQzEI?authuser=0&hl=pl&g_ep=EgoyMDI2MDkwOS4wIJJjKgBIAVAD&rclk=1"
Fotografia z pasją Magda Librowska,Piotrków Trybunalski,725702500,Tak,http://www.magdalibrowska.pl/,,Tak,,,,6,Ma własną stronę WWW (http://www.magdalibrowska.pl/). FB: https://www.facebook.com/MagdaLibrowskaFoto/ | Maps: https://www.google.com/maps/place/Fotografia+z+pasj%C4%85+Magda+Librowska/data=!4m7!3m6!1s0x47198a93b8a188cb:0xb5d00c13add2c303!8m2!3d51.4091856!4d19.6930094!16s%2Fg%2F11g8vq75fp!19sChIJy4ihuJOKGUcRA8PSrRMM0LU?authuser=0&hl=pl&g_ep=EgoyMDI2MDkwOS4wIJJjKgBIAVAD&rclk=1
PROSTUDIO 01 - studio fotograficzne Piotrków Trybunalski,Piotrków Trybunalski,881686502,Nie,,,,,,,1,"Skąpy profil Google (2 opinii, śr. 5.0) — nie wykryto automatycznie FB/IG/Booksy. Social media NIE zweryfikowane indywidualnie (za duża skala).  Uwaga: domena http://www.prostudio01.com/ z wizytówki Google nie odpowiada / wygląda na wygasłą (sprawdzone DNS) — realnie brak działającej strony. Maps: https://www.google.com/maps/place/PROSTUDIO+01+-+studio+fotograficzne+Piotrk%C3%B3w+Trybunalski/data=!4m7!3m6!1s0x9675859e5dfdc2d:0xc076c1eaa1a310ea!8m2!3d51.4119096!4d19.6900111!16s%2Fg%2F11n39vc0nw!19sChIJLdzf5VlYZwkR6hCjoerBdsA?authuser=0&hl=pl&g_ep=EgoyMDI2MDkwOS4wIJJjKgBIAVAD&rclk=1"
Studio Fabryka Obrazu,Piotrków Trybunalski,515340024,Tak,https://studiofabrykaobrazu.pl/,Tak,,,,,6,Ma własną stronę WWW (https://studiofabrykaobrazu.pl/). IG: https://www.instagram.com/fabrykaobrazu/ | Maps: https://www.google.com/maps/place/Studio+Fabryka+Obrazu/data=!4m7!3m6!1s0x47198b62a23b7fbd:0xab5c6205783538a1!8m2!3d51.409062!4d19.685023!16s%2Fg%2F11vpy1xclv!19sChIJvX87omKLGUcRoTg1eAViXKs?authuser=0&hl=pl&g_ep=EgoyMDI2MDkwOS4wIJJjKgBIAVAD&rclk=1
Anpro Studio,Piotrków Trybunalski,606187886,Tak,http://anpro-studio.pl/,Tak,Tak,,,,6,Ma własną stronę WWW (http://anpro-studio.pl/). FB: https://www.facebook.com/ANPRO-Studio-461939727254484/ | IG: https://www.instagram.com/anpro_studio | Maps: https://www.google.com/maps/place/Anpro+Studio/data=!4m7!3m6!1s0x471a20692b1ebab9:0xe385f079b1f2c679!8m2!3d51.4123581!4d19.6423183!16s%2Fg%2F11cmznfbdt!19sChIJuboeK2kgGkcRecbysXnwheM?authuser=0&hl=pl&g_ep=EgoyMDI2MDkwOS4wIJJjKgBIAVAD&rclk=1
Studioba,Piotrków Trybunalski,509430870,Tak,https://www.studioba.pl/,Tak,Tak,,,,6,Ma własną stronę WWW (https://www.studioba.pl/). FB: https://www.facebook.com/studioba.basiakrzesniakphotography | IG: https://www.instagram.com/studioba.basia/ | Maps: https://www.google.com/maps/place/Studioba/data=!4m7!3m6!1s0x47198bce627feed1:0xa198cc7b4ba155e5!8m2!3d51.4108092!4d19.6917633!16s%2Fg%2F11xtmnsgqq!19sChIJ0e5_Ys6LGUcR5VWhS3vMmKE?authuser=0&hl=pl&g_ep=EgoyMDI2MDkwOS4wIJJjKgBIAVAD&rclk=1
Iga Zylbert Photography,Piotrków Trybunalski,695195464,Nie,,,Tak,,,,4,"Bardzo dobra widoczność: brak własnej strony, ale aktywne social media (Facebook) i 15 opinii Google śr. 5.0 — najlepszy typ leada (dużo ruchu, zero www). FB(raw): https://www.facebook.com/profile.php?id=61560890804450 | Maps: https://www.google.com/maps/place/Iga+Zylbert+Photography/data=!4m7!3m6!1s0x47198b7479921e75:0xab3129536c047e0e!8m2!3d51.4104807!4d19.7147571!16s%2Fg%2F11wbl_ftkc!19sChIJdR6SeXSLGUcRDn4EbFMpMas?authuser=0&hl=pl&g_ep=EgoyMDI2MDkwOS4wIJJjKgBIAVAD&rclk=1"
Magdalena Molińska Fotografia_portret Fine Art i Kreatywny,Piotrków Trybunalski,606169179,Nie,,,,,,,3,"Uzupełniony profil Google (19 opinii, śr. 5.0) — nie wykryto automatycznie FB/IG/Booksy. Social media NIE zweryfikowane indywidualnie (za duża skala) — sprawdzić ręcznie przed telefonem.  Uwaga: domena http://magdalenamolinska.pl/ z wizytówki Google nie odpowiada / wygląda na wygasłą (sprawdzone DNS) — realnie brak działającej strony. Maps: https://www.google.com/maps/place/Magdalena+Moli%C5%84ska+Fotografia_portret+Fine+Art+i+Kreatywny/data=!4m7!3m6!1s0x471a21cc70e6c351:0x5810a066fb8832ab!8m2!3d51.4220445!4d19.6465737!16s%2Fg%2F11t2fsryfr!19sChIJUcPmcMwhGkcRqzKI-2agEFg?authuser=0&hl=pl&g_ep=EgoyMDI2MDkwOS4wIJJjKgBIAVAD&rclk=1"
Kamienica - Studio Fotograficzne Piotrków Trybunalski,Piotrków Trybunalski,605035125,Tak,https://www.czarekchomicz.com/studiofotograficznepiotrkow,,,,,,6,Ma własną stronę WWW (https://www.czarekchomicz.com/studiofotograficznepiotrkow). Maps: https://www.google.com/maps/place/Kamienica+-+Studio+Fotograficzne+Piotrk%C3%B3w+Trybunalski/data=!4m7!3m6!1s0x47198b0068768a71:0x64e9c12b046697ec!8m2!3d51.4131777!4d19.6783829!16s%2Fg%2F11ldvy3b7r!19sChIJcYp2aACLGUcR7JdmBCvB6WQ?authuser=0&hl=pl&g_ep=EgoyMDI2MDkwOS4wIJJjKgBIAVAD&rclk=1
FOTO KACZOROWSCY fotograf Piotrków zdjęcia ślubne,Piotrków Trybunalski,500147141,Tak,http://www.foto-kaczorowscy.com/,Tak,Tak,,,,6,"Ma własną stronę WWW (http://www.foto-kaczorowscy.com/). FB: https://www.facebook.com/FOTOKaczorowski | IG: https://www.instagram.com/foto_kaczorowscy/ | Maps: https://www.google.com/maps/place/FOTO+KACZOROWSCY+fotograf+Piotrk%C3%B3w+zdj%C4%99cia+%C5%9Blubne/data=!4m7!3m6!1s0x471a2070b420be53:0x6ae04ed594593360!8m2!3d51.4114053!4d19.6592065!16s%2Fg%2F11y5y93kv!19sChIJU74gtHAgGkcRYDNZlNVO4Go?authuser=0&hl=pl&g_ep=EgoyMDI2MDkwOS4wIJJjKgBIAVAD&rclk=1 | Widoczny też w wynikach dla: Piotrków Trybunalski, Bełchatów"
Paweł Zygmunt,Bełchatów,663043613,Tak,http://www.pawelzygmunt.com/,Tak,Tak,,,,6,"Ma własną stronę WWW (http://www.pawelzygmunt.com/). FB: https://www.facebook.com/Pawe%C5%82-Zygmunt-1547050938931331/ | IG: https://www.instagram.com/zygmunt8590/ | Maps: https://www.google.com/maps/place/Pawe%C5%82+Zygmunt/data=!4m7!3m6!1s0x471a19e19d7f92c7:0x8c95db4c8dc235c9!8m2!3d51.362501!4d19.3640661!16s%2Fg%2F1tjdvnhm!19sChIJx5J_neEZGkcRyTXCjUzblYw?authuser=0&hl=pl&g_ep=EgoyMDI2MDkwOS4wIJJjKgBIAVAD&rclk=1 | Widoczny też w wynikach dla: Bełchatów, Szczerców"
Foto A.S.Orpel,Bełchatów,446323664,Tak,http://www.fotoorpel.pl/,,Tak,,,,6,Ma własną stronę WWW (http://www.fotoorpel.pl/). FB: https://www.facebook.com/Fotoorpel/ | Maps: https://www.google.com/maps/place/Foto+A.S.Orpel/data=!4m7!3m6!1s0x471a19dfdac9274f:0x8afa1331fd2f0271!8m2!3d51.3642419!4d19.3701467!16s%2Fg%2F1tf27f5r!19sChIJTyfJ2t8ZGkcRcQIv_TET-oo?authuser=0&hl=pl&g_ep=EgoyMDI2MDkwOS4wIJJjKgBIAVAD&rclk=1
Komar Top,Bełchatów,605616646,Nie,,,Tak,,,,4,"Bardzo dobra widoczność: brak własnej strony, ale aktywne social media (Facebook) i 15 opinii Google śr. 4.7 — najlepszy typ leada (dużo ruchu, zero www). FB(raw): https://www.facebook.com/StudioFotoKomarTop | Maps: https://www.google.com/maps/place/Komar+Top/data=!4m7!3m6!1s0x471a19ebfe97b869:0x9a4f603c2e801d36!8m2!3d51.3561744!4d19.3865919!16s%2Fg%2F1tdp3s_d!19sChIJabiX_usZGkcRNh2ALjxgT5o?authuser=0&hl=pl&g_ep=EgoyMDI2MDkwOS4wIJJjKgBIAVAD&rclk=1 | Widoczny też w wynikach dla: Bełchatów, Zelów"
"Studio Fotograficzne ""Fabryka Fotografii"" Anita Szafrańska",Bełchatów,609031376,Nie,,Tak,Tak,,,,4,"Bardzo dobra widoczność: brak własnej strony, ale aktywne social media (Facebook + Instagram) i 19 opinii Google śr. 4.6 — najlepszy typ leada (dużo ruchu, zero www). FB: https://www.facebook.com/anitaszafranskafotografia/ | IG: https://www.instagram.com/fabryka.fotografii/ | Maps: https://www.google.com/maps/place/Studio+Fotograficzne+%22Fabryka+Fotografii%22+Anita+Szafra%C5%84ska/data=!4m7!3m6!1s0x471a19dc3d8d7e1b:0x467dc47e75f04bdc!8m2!3d51.3670761!4d19.3783116!16s%2Fg%2F11c2r0xf7s!19sChIJG36NPdwZGkcR3EvwdX7EfUY?authuser=0&hl=pl&g_ep=EgoyMDI2MDkwOS4wIJJjKgBIAVAD&rclk=1"
Paulina Pawelus Fotografia,Bełchatów,690895095,Tak,https://paulinapawelus.com/,Tak,Tak,,,,6,Ma własną stronę WWW (https://paulinapawelus.com/). FB: https://www.facebook.com/paulinapawelusfotografia | IG: https://www.instagram.com/paulinapawelusfotografia | Maps: https://www.google.com/maps/place/Paulina+Pawelus+Fotografia/data=!4m7!3m6!1s0x471a19cfb26bf05d:0xc6030c2b9f10229d!8m2!3d51.3505598!4d19.367888!16s%2Fg%2F11fk131zrs!19sChIJXfBrss8ZGkcRnSIQnysMA8Y?authuser=0&hl=pl&g_ep=EgoyMDI2MDkwOS4wIJJjKgBIAVAD&rclk=1
"Anna Teodorczyk Fotografia, Fotograf Bełchatów",Bełchatów,509658007,Nie,,,,,,,3,"Uzupełniony profil Google (14 opinii, śr. 4.4) — nie wykryto automatycznie FB/IG/Booksy. Social media NIE zweryfikowane indywidualnie (za duża skala) — sprawdzić ręcznie przed telefonem.  Uwaga: domena https://annateodorczyk.pl/ z wizytówki Google nie odpowiada / wygląda na wygasłą (sprawdzone DNS) — realnie brak działającej strony. Maps: https://www.google.com/maps/place/Anna+Teodorczyk+Fotografia,+Fotograf+Be%C5%82chat%C3%B3w/data=!4m7!3m6!1s0x471a172a9176dd41:0x8155eafe7b321120!8m2!3d51.3525583!4d19.358493!16s%2Fg%2F11j0w7y6r_!19sChIJQd12kSoXGkcRIBEye_7qVYE?authuser=0&hl=pl&g_ep=EgoyMDI2MDkwOS4wIJJjKgBIAVAD&rclk=1"
Foto-Maciejewski,Bełchatów,605136651,Tak,http://foto-maciejewski.pl/,,Tak,,,,6,Ma własną stronę WWW (http://foto-maciejewski.pl/). FB: https://www.facebook.com/fotomaciejewski | Maps: https://www.google.com/maps/place/Foto-Maciejewski/data=!4m7!3m6!1s0x471a19e4fe437139:0xaf08e581284179f4!8m2!3d51.3556063!4d19.372594!16s%2Fg%2F11h48x0rww!19sChIJOXFD_uQZGkcR9HlBKIHlCK8?authuser=0&hl=pl&g_ep=EgoyMDI2MDkwOS4wIJJjKgBIAVAD&rclk=1
Fotografia Imprez i Eventów – Iwona Bińkowska,Bełchatów,608379751,Nie,,,Tak,,,,4,"Bardzo dobra widoczność: brak własnej strony, ale aktywne social media (Facebook) i 15 opinii Google śr. 5.0 — najlepszy typ leada (dużo ruchu, zero www). FB(raw): https://www.facebook.com/share/1HYpCB3mp1/ | Maps: https://www.google.com/maps/place/Fotografia+Imprez+i+Event%C3%B3w+%E2%80%93+Iwona+Bi%C5%84kowska/data=!4m7!3m6!1s0x471a19a8ca22ffdf:0x9a226832eba2b756!8m2!3d51.3527419!4d19.3601628!16s%2Fg%2F11n9hfpv3y!19sChIJ3_8iyqgZGkcRVrei6zJoIpo?authuser=0&hl=pl&g_ep=EgoyMDI2MDkwOS4wIJJjKgBIAVAD&rclk=1"
kadryzpasji Dominika Poborska,Bełchatów,570343709,Nie,,Tak,,,,,4,"Bardzo dobra widoczność: brak własnej strony, ale aktywne social media (Instagram) i 15 opinii Google śr. 5.0 — najlepszy typ leada (dużo ruchu, zero www). IG: https://www.instagram.com/kadryzpasji/ | Maps: https://www.google.com/maps/place/kadryzpasji+Dominika+Poborska/data=!4m7!3m6!1s0x471a19f8d0b051ef:0xafc80deaec175d62!8m2!3d51.3745336!4d19.3828278!16s%2Fg%2F11z74dgz10!19sChIJ71Gw0PgZGkcRYl0X7OoNyK8?authuser=0&hl=pl&g_ep=EgoyMDI2MDkwOS4wIJJjKgBIAVAD&rclk=1"
Polkowski Fotograf Kamerzysta Filmowanie Bełchatów,Bełchatów,516944883,Nie,,,Tak,,,,5,"Bardzo dobra widoczność: brak własnej strony, ale aktywne social media (Facebook) i 44 opinii Google śr. 4.5 — najlepszy typ leada (dużo ruchu, zero www). FB(raw): https://www.facebook.com/polkowskifotograf | Maps: https://www.google.com/maps/place/Polkowski+Fotograf+Kamerzysta+Filmowanie+Be%C5%82chat%C3%B3w/data=!4m7!3m6!1s0x471a193427020f05:0x62f585384c541bc7!8m2!3d51.3636966!4d19.3720566!16s%2Fg%2F11t321x2kg!19sChIJBQ8CJzQZGkcRxxtUTDiF9WI?authuser=0&hl=pl&g_ep=EgoyMDI2MDkwOS4wIJJjKgBIAVAD&rclk=1"
Krzysztof Krawczyk Memories - Fotografia Ślubna,Bełchatów,792009461,Tak,https://krzysztofmemories.pl/,Tak,Tak,,,,6,Ma własną stronę WWW (https://krzysztofmemories.pl/). FB: https://www.facebook.com/KrzysztofKMemories/ | IG: https://www.instagram.com/krzysztof_k.memories/ | Maps: https://www.google.com/maps/place/Krzysztof+Krawczyk+Memories+-+Fotografia+%C5%9Alubna/data=!4m7!3m6!1s0x471a19dfc16c8f17:0xb13918101a4d509d!8m2!3d51.3655649!4d19.3699489!16s%2Fg%2F11b6pkts8p!19sChIJF49swd8ZGkcRnVBNGhAYObE?authuser=0&hl=pl&g_ep=EgoyMDI2MDkwOS4wIJJjKgBIAVAD&rclk=1
Morzyński Andrzej. Zakład fotograficzny,Bełchatów,446321717,Nie,,,,,,,1,"Bardzo słaby profil Google (2 opinii, śr. 3.0), brak jakiejkolwiek aktywności w social media (zweryfikowano) — firma praktycznie niewidoczna online. Uwaga: strona z Google Maps to katalog/agregator, nie własna domena. Maps: https://www.google.com/maps/place/Morzy%C5%84ski+Andrzej.+Zak%C5%82ad+fotograficzny/data=!4m7!3m6!1s0x471a19df784fdd27:0x65217a853fb20059!8m2!3d51.3674007!4d19.369594!16s%2Fg%2F1tcvsls_!19sChIJJ91PeN8ZGkcRWQCyP4V6IWU?authuser=0&hl=pl&g_ep=EgoyMDI2MDkwOS4wIJJjKgBIAVAD&rclk=1"
Krzysztof Gardulski PHOTOGRAPHY,Bełchatów,728970453,Tak,http://www.krzysztof-gardulski.pl/,,,,,,6,Ma własną stronę WWW (http://www.krzysztof-gardulski.pl/). Maps: https://www.google.com/maps/place/Krzysztof+Gardulski+PHOTOGRAPHY/data=!4m7!3m6!1s0x471a17588014d63f:0x98ce0da8b75b5916!8m2!3d51.3343665!4d19.3828748!16s%2Fg%2F1thwz5kd!19sChIJP9YUgFgXGkcRFllbt6gNzpg?authuser=0&hl=pl&g_ep=EgoyMDI2MDkwOS4wIJJjKgBIAVAD&rclk=1
Foto Prestiż,Bełchatów,797187703,Tak,https://www.fotoprestiz.com/,,,,,,6,Ma własną stronę WWW (https://www.fotoprestiz.com/). Maps: https://www.google.com/maps/place/Foto+Presti%C5%BC/data=!4m7!3m6!1s0x471a19fd561a6933:0xaffe70d02ab623a9!8m2!3d51.3548978!4d19.3599003!16s%2Fg%2F11df81ny2l!19sChIJM2kaVv0ZGkcRqSO2KtBw_q8?authuser=0&hl=pl&g_ep=EgoyMDI2MDkwOS4wIJJjKgBIAVAD&rclk=1
Studio Filmowe KLATKA Tomasz Kurzydlak,Bełchatów,888862912,Tak,http://www.studioklatka.pl/,,,,,,6,Ma własną stronę WWW (http://www.studioklatka.pl/). Maps: https://www.google.com/maps/place/Studio+Filmowe+KLATKA+Tomasz+Kurzydlak/data=!4m7!3m6!1s0x471a19fd45c596bd:0xc896505d95fb1f07!8m2!3d51.3687535!4d19.3564248!16s%2Fg%2F1td36_4q!19sChIJvZbFRf0ZGkcRBx_7lV1Qlsg?authuser=0&hl=pl&g_ep=EgoyMDI2MDkwOS4wIJJjKgBIAVAD&rclk=1
Fotomar. Usługi fotograficzne. Sztorc Mariusz,Bełchatów,601929904,Tak,https://www.fotomar.org/,,Tak,,,,6,Ma własną stronę WWW (https://www.fotomar.org/). FB: https://www.facebook.com/fotomarbelchatow/ | Maps: https://www.google.com/maps/place/Fotomar.+Us%C5%82ugi+fotograficzne.+Sztorc+Mariusz/data=!4m7!3m6!1s0x471a1758b91500f3:0xd7ec38466099eeeb!8m2!3d51.3594717!4d19.361485!16s%2Fg%2F1vb9bt61!19sChIJ8wAVuVgXGkcR6-6ZYEY47Nc?authuser=0&hl=pl&g_ep=EgoyMDI2MDkwOS4wIJJjKgBIAVAD&rclk=1
FotoArt Pisarek&Gajzler,Moszczenica,501690063,Tak,https://www.fotoart-photography.pl/,Tak,Tak,,,,6,Ma własną stronę WWW (https://www.fotoart-photography.pl/). FB: https://www.facebook.com/fotoart.photographs | IG: https://www.instagram.com/fotoart.photography/ | Maps: https://www.google.com/maps/place/FotoArt+Pisarek%26Gajzler/data=!4m7!3m6!1s0x471a27ef1d31c959:0xa99f37010cd1c856!8m2!3d51.5001015!4d19.7099542!16s%2Fg%2F11yb2d2dzn!19sChIJWckxHe8nGkcRVsjRDAE3n6k?authuser=0&hl=pl&g_ep=EgoyMDI2MDkwOS4wIJJjKgBIAVAD&rclk=1
Atelier Pani Wachecka,Moszczenica,,Nie,,,Tak,,,,4,"Bardzo dobra widoczność: brak własnej strony, ale aktywne social media (Facebook) i 26 opinii Google śr. 4.5 — najlepszy typ leada (dużo ruchu, zero www). FB(raw): http://www.facebook.com/paniwachecka | Maps: https://www.google.com/maps/place/Atelier+Pani+Wachecka/data=!4m7!3m6!1s0x471a27f92655f671:0x97a591e11aea9c72!8m2!3d51.5036078!4d19.7126442!16s%2Fg%2F11k7j8dgsf!19sChIJcfZVJvknGkcRcpzqGuGRpZc?authuser=0&hl=pl&g_ep=EgoyMDI2MDkwOS4wIJJjKgBIAVAD&rclk=1"
"Studio ""Awangarda""",Kamieńsk,,Nie,,,Tak,,,,3,"Uzupełniony profil Google + obecność w social media (Facebook), ale niewielka skala (mało opinii/obserwujących) — brak własnej strony. Uwaga: strona z Google Maps to katalog/agregator, nie własna domena. Działa jako Bełchatów/Kamieńsk pod szyldem Radosław Strózik, 2199 polubień FB. FB: https://www.facebook.com/fotoawangarda/ | Maps: https://www.google.com/maps/place/Studio+%22Awangarda%22/data=!4m7!3m6!1s0x471a0290f1c66ba7:0xff4be695d144f703!8m2!3d51.204514!4d19.4966372!16s%2Fg%2F11j08bhb_6!19sChIJp2vG8ZACGkcRA_dE0ZXmS_8?authuser=0&hl=pl&g_ep=EgoyMDI2MDkwOS4wIJJjKgBIAVAD&rclk=1"
Studio Foto-Fokus,Radomsko,519532158,Tak,http://studio-foto-fokus.pl/,,,,,,6,Ma własną stronę WWW (http://studio-foto-fokus.pl/). Maps: https://www.google.com/maps/place/Studio+Foto-Fokus/data=!4m7!3m6!1s0x471755588d508b3d:0xdf9076879a6105a9!8m2!3d51.0685991!4d19.4391577!16s%2Fg%2F1tlw7tqq!19sChIJPYtQjVhVF0cRqQVhmod2kN8?authuser=0&hl=pl&g_ep=EgoyMDI2MDkwOS4wIJJjKgBIAVAD&rclk=1
DRW Studio / Dominika Wojtaszek fotografia,Radomsko,,Nie,,Tak,,,,,5,"Bardzo dobra widoczność: brak własnej strony, ale aktywne social media (Instagram) i 46 opinii Google śr. 5.0 — najlepszy typ leada (dużo ruchu, zero www). IG(raw): https://www.instagram.com/dominikawojtaszekfotografia | Maps: https://www.google.com/maps/place/DRW+Studio+%2F+Dominika+Wojtaszek+fotografia/data=!4m7!3m6!1s0x2af5b1cfcb13ce93:0x421ca437eb618317!8m2!3d51.0660251!4d19.4489607!16s%2Fg%2F11yzvvn7wm!19sChIJk84Ty8-x9SoRF4Nh6zekHEI?authuser=0&hl=pl&g_ep=EgoyMDI2MDkwOS4wIJJjKgBIAVAD&rclk=1"
FOTOGRAF KOŁOWROTKIEWICZ,Radomsko,603507807,Tak,http://www.odbitki24.com/,,,,,,6,Ma własną stronę WWW (http://www.odbitki24.com/). Maps: https://www.google.com/maps/place/FOTOGRAF+KO%C5%81OWROTKIEWICZ/data=!4m7!3m6!1s0x47175558cf3ab633:0xaa4964e0a6c48a42!8m2!3d51.0679749!4d19.4408215!16s%2Fg%2F1tfrfhst!19sChIJM7Y6z1hVF0cRQorEpuBkSao?authuser=0&hl=pl&g_ep=EgoyMDI2MDkwOS4wIJJjKgBIAVAD&rclk=1
Foto-Margot. Usługi fotograficzne,Radomsko,533833338,Tak,http://www.fotomargot.pl/,,,,,,6,Ma własną stronę WWW (http://www.fotomargot.pl/). Maps: https://www.google.com/maps/place/Foto-Margot.+Us%C5%82ugi+fotograficzne/data=!4m7!3m6!1s0x4717555f343e6a77:0x94bb0050c14214c!8m2!3d51.0669682!4d19.4418583!16s%2Fg%2F1td2smyp!19sChIJd2o-NF9VF0cRTCEUDAWwSwk?authuser=0&hl=pl&g_ep=EgoyMDI2MDkwOS4wIJJjKgBIAVAD&rclk=1
Studio fotograficzne Aldo - Belica & Kercz,Radomsko,602632001,Tak,http://fotoaldo.pl/,,,,,,6,Ma własną stronę WWW (http://fotoaldo.pl/). Maps: https://www.google.com/maps/place/Studio+fotograficzne+Aldo+-+Belica+%26+Kercz/data=!4m7!3m6!1s0x4717555e5f9f4ed1:0x996b32c344f018fc!8m2!3d51.0656048!4d19.4445595!16s%2Fg%2F1v4k57vn!19sChIJ0U6fX15VF0cR_BjwRMMya5k?authuser=0&hl=pl&g_ep=EgoyMDI2MDkwOS4wIJJjKgBIAVAD&rclk=1
Dominika Gaik Fotografia Ślubna i Rodzinna & sesje w studio i plenerze,Radomsko,519402534,Tak,http://www.dominikagaik.com/,,,,,,6,Ma własną stronę WWW (http://www.dominikagaik.com/). Maps: https://www.google.com/maps/place/Dominika+Gaik+Fotografia+%C5%9Alubna+i+Rodzinna+%26+sesje+w+studio+i+plenerze/data=!4m7!3m6!1s0x40b69d13ed2e8781:0x93d8c194115f16c7!8m2!3d51.0747042!4d19.4395473!16s%2Fg%2F11rcmzh92_!19sChIJgYcu7ROdtkARxxZfEZTB2JM?authuser=0&hl=pl&g_ep=EgoyMDI2MDkwOS4wIJJjKgBIAVAD&rclk=1
Jakub Placzyński - Fotograf & Content Creator Radomsko,Radomsko,697990183,Tak,https://jakubplaczynski.com/,,,,,,6,Ma własną stronę WWW (https://jakubplaczynski.com/). Maps: https://www.google.com/maps/place/Jakub+Placzy%C5%84ski+-+Fotograf+%26+Content+Creator+Radomsko/data=!4m7!3m6!1s0x4719ffcceb5efb6f:0xde2929c9d61fa85f!8m2!3d51.081076!4d19.4654493!16s%2Fg%2F11wy124gys!19sChIJb_te68z_GUcRX6gf1skpKd4?authuser=0&hl=pl&g_ep=EgoyMDI2MDkwOS4wIJJjKgBIAVAD&rclk=1
"Maciej Kowalski Fotografia - fotografia ślubna, chrzty święte",Radomsko,791383858,Nie,,,Tak,,,,5,"Bardzo dobra widoczność: brak własnej strony, ale aktywne social media (Facebook) i 42 opinii Google śr. 5.0 — najlepszy typ leada (dużo ruchu, zero www). FB: https://www.facebook.com/maciejkowalskifotografia/ | Maps: https://www.google.com/maps/place/Maciej+Kowalski+Fotografia+-+fotografia+%C5%9Blubna,+chrzty+%C5%9Bwi%C4%99te/data=!4m7!3m6!1s0x4800468edbad754d:0xa7e8915ded30a4cd!8m2!3d51.0541415!4d19.4365909!16s%2Fg%2F11sqct1hrd!19sChIJTXWt245GAEgRzaQw7V2R6Kc?authuser=0&hl=pl&g_ep=EgoyMDI2MDkwOS4wIJJjKgBIAVAD&rclk=1"
Zaczarowane Ujęcia Marcin Mielczarek,Radomsko,780601701,Tak,http://www.zaczarowaneujecia.pl/,,,,,,6,Ma własną stronę WWW (http://www.zaczarowaneujecia.pl/). Maps: https://www.google.com/maps/place/Zaczarowane+Uj%C4%99cia+Marcin+Mielczarek/data=!4m7!3m6!1s0x471755b946c3aad7:0x160fddd064adf598!8m2!3d51.0668847!4d19.4480097!16s%2Fg%2F11q3_r01sh!19sChIJ16rDRrlVF0cRmPWtZNDdDxY?authuser=0&hl=pl&g_ep=EgoyMDI2MDkwOS4wIJJjKgBIAVAD&rclk=1
Julia i Kuba fotografydwa •FOTOGRAFIA & FILM ŚLUBNY• Gdańsk | Radomsko | Cała Polska,Radomsko,,Nie,,Tak,,,,,4,"Bardzo dobra widoczność: brak własnej strony, ale aktywne social media (Instagram) i 28 opinii Google śr. 5.0 — najlepszy typ leada (dużo ruchu, zero www). IG(raw): https://www.instagram.com/fotografydwa/ | Maps: https://www.google.com/maps/place/Julia+i+Kuba+fotografydwa+%E2%80%A2FOTOGRAFIA+%26+FILM+%C5%9ALUBNY%E2%80%A2+Gda%C5%84sk+%7C+Radomsko+%7C+Ca%C5%82a+Polska/data=!4m7!3m6!1s0x4719ffec34ea8f51:0x244cc20085fab55a!8m2!3d51.1049245!4d19.4551454!16s%2Fg%2F11pd7gs731!19sChIJUY_qNOz_GUcRWrX6hQDCTCQ?authuser=0&hl=pl&g_ep=EgoyMDI2MDkwOS4wIJJjKgBIAVAD&rclk=1"
Dobre Filmy i Fotografia,Radomsko,505114557,Tak,http://www.dobrefilmyifotografia.pl/,,,,,,6,Ma własną stronę WWW (http://www.dobrefilmyifotografia.pl/). Maps: https://www.google.com/maps/place/Dobre+Filmy+i+Fotografia/data=!4m7!3m6!1s0x4719ff9b7f712b05:0x7e0f8e5ec46c986a!8m2!3d51.1035954!4d19.4633321!16s%2Fg%2F11bymyzqrn!19sChIJBStxf5v_GUcRaphsxF6OD34?authuser=0&hl=pl&g_ep=EgoyMDI2MDkwOS4wIJJjKgBIAVAD&rclk=1
SzymanowskiFoto - mobilne usługi foto & video,Radomsko,790239908,Nie,,,Tak,,,,3,"Uzupełniony profil Google (9 opinii, śr. 5.0) + obecność w social media (Facebook), ale niewielka skala (mało opinii/obserwujących) — brak własnej strony. FB(raw): http://facebook.com/szymanowskifoto | Maps: https://www.google.com/maps/place/SzymanowskiFoto+-+mobilne+us%C5%82ugi+foto+%26+video/data=!4m7!3m6!1s0x47175565ea9afd91:0x9bc2764b6f908d4b!8m2!3d51.097921!4d19.426751!16s%2Fg%2F11h441h5l0!19sChIJkf2a6mVVF0cRS42Qb0t2wps?authuser=0&hl=pl&g_ep=EgoyMDI2MDkwOS4wIJJjKgBIAVAD&rclk=1"
Fotograf Radomsko StoryStudio,Radomsko,516279069,Tak,https://www.storystudiofoto.com/?utm_source=google&utm_medium=wix_google_business_profile&utm_campaign=15209312588140754807,,,,,,6,Ma własną stronę WWW (https://www.storystudiofoto.com/?utm_source=google&utm_medium=wix_google_business_profile&utm_campaign=15209312588140754807). Maps: https://www.google.com/maps/place/Fotograf+Radomsko+StoryStudio/data=!4m7!3m6!1s0x47175537a58ec161:0x708ec00308989529!8m2!3d51.0691063!4d19.4310675!16s%2Fg%2F11mzhdmk52!19sChIJYcGOpTdVF0cRKZWYCAPAjnA?authuser=0&hl=pl&g_ep=EgoyMDI2MDkwOS4wIJJjKgBIAVAD&rclk=1 | Widoczny też w wynikach dla: Radomsko
"Filmowanie & Fotografia ""Cudowne Ujęcia""",Radomsko,793004002,Tak,http://cudowne-ujecia.pl/,,,,,,6,Ma własną stronę WWW (http://cudowne-ujecia.pl/). Maps: https://www.google.com/maps/place/Filmowanie+%26+Fotografia+%22Cudowne+Uj%C4%99cia%22/data=!4m7!3m6!1s0x47175566a45c1605:0xd2f5c5213ef841f5!8m2!3d51.0856937!4d19.4921489!16s%2Fg%2F1yfh_j0y3!19sChIJBRZcpGZVF0cR9UH4PiHF9dI?authuser=0&hl=pl&g_ep=EgoyMDI2MDkwOS4wIJJjKgBIAVAD&rclk=1
Sky Nereid,Radomsko,737507595,Tak,https://skynereid.wordpress.com/,,,,,,6,Ma własną stronę WWW (https://skynereid.wordpress.com/). Maps: https://www.google.com/maps/place/Sky+Nereid/data=!4m7!3m6!1s0x428ea364f6071a87:0xcb3f2f6096e4bfdf!8m2!3d51.038888!4d19.4645211!16s%2Fg%2F11s3crmr9p!19sChIJhxoH9mSjjkIR37_klmAvP8s?authuser=0&hl=pl&g_ep=EgoyMDI2MDkwOS4wIJJjKgBIAVAD&rclk=1 | Widoczny też w wynikach dla: Radomsko
Anna Rybak-Bareła Fotografia,Radomsko,507408181,Nie,,,,,,,2,"Skąpy profil Google (3 opinii, śr. 5.0) — nie wykryto automatycznie FB/IG/Booksy. Social media NIE zweryfikowane indywidualnie (za duża skala). Maps: https://www.google.com/maps/place/Anna+Rybak-Bare%C5%82a+Fotografia/data=!4m7!3m6!1s0x47175546c804c3bd:0x9e81c76a57335607!8m2!3d51.0643866!4d19.4625795!16s%2Fg%2F11k3pl1pmz!19sChIJvcMEyEZVF0cRB1YzV2rHgZ4?authuser=0&hl=pl&g_ep=EgoyMDI2MDkwOS4wIJJjKgBIAVAD&rclk=1 | Widoczny też w wynikach dla: Radomsko"
Narayan Image,Radomsko,,Nie,,,,,,,1,"Skąpy profil Google (2 opinii, śr. 5.0) — nie wykryto automatycznie FB/IG/Booksy. Social media NIE zweryfikowane indywidualnie (za duża skala). Maps: https://www.google.com/maps/place/Narayan+Image/data=!4m7!3m6!1s0x47175576e93809b9:0x978b2afcb06ed995!8m2!3d51.0668544!4d19.4449387!16s%2Fg%2F11vs_bjvlg!19sChIJuQk46XZVF0cRldlusPwqi5c?authuser=0&hl=pl&g_ep=EgoyMDI2MDkwOS4wIJJjKgBIAVAD&rclk=1"
Kantylena - fotografia i filmowanie,Radomsko,609666437,Tak,https://www.kantylena.pl/,,,,,,6,Ma własną stronę WWW (https://www.kantylena.pl/). Maps: https://www.google.com/maps/place/Kantylena+-+fotografia+i+filmowanie/data=!4m7!3m6!1s0x4710abb29ad3b44b:0xb726dac4c79672b1!8m2!3d51.0729599!4d19.4137299!16s%2Fg%2F11fpqsqbbr!19sChIJS7TTmrKrEEcRsXKWx8TaJrc?authuser=0&hl=pl&g_ep=EgoyMDI2MDkwOS4wIJJjKgBIAVAD&rclk=1 | Widoczny też w wynikach dla: Radomsko
Justyna Maniecka Fotografia,Radomsko,503391255,Nie,,Tak,,,,,3,"Uzupełniony profil Google (2 opinii, śr. 5.0) + obecność w social media (Instagram), ale niewielka skala (mało opinii/obserwujących) — brak własnej strony. IG(raw): https://www.instagram.com/manieckafotografia | Maps: https://www.google.com/maps/place/Justyna+Maniecka+Fotografia/data=!4m7!3m6!1s0x4719ff8307245931:0xf6d4bb47b5614070!8m2!3d51.103665!4d19.4633819!16s%2Fg%2F11pz32jhnq!19sChIJMVkkB4P_GUcRcEBhtUe71PY?authuser=0&hl=pl&g_ep=EgoyMDI2MDkwOS4wIJJjKgBIAVAD&rclk=1"
Sebastian Gałwa Fotograf Ślubny | Okolicznościowy,Radomsko,516811946,Tak,http://sebastiangalwa.pl/,,,,,,6,Ma własną stronę WWW (http://sebastiangalwa.pl/). Maps: https://www.google.com/maps/place/Sebastian+Ga%C5%82wa+Fotograf+%C5%9Alubny+%7C+Okoliczno%C5%9Bciowy/data=!4m7!3m6!1s0x4717550045410cc5:0xb20481c9451e4234!8m2!3d51.0679698!4d19.4241245!16s%2Fg%2F11w3km_w3w!19sChIJxQxBRQBVF0cRNEIeRcmBBLI?authuser=0&hl=pl&g_ep=EgoyMDI2MDkwOS4wIJJjKgBIAVAD&rclk=1
"""CZARODZIEJ"" fotografia i film",Radomsko,505604930,Nie,,,Tak,,,,3,"Uzupełniony profil Google (7 opinii, śr. 5.0) + obecność w social media (Facebook), ale niewielka skala (mało opinii/obserwujących) — brak własnej strony. FB: https://www.facebook.com/p/Czarodziej-Film-i-Fotografia-100077469534669/ | Maps: https://www.google.com/maps/place/%22CZARODZIEJ%22+fotografia+i+film/data=!4m7!3m6!1s0x47175569fd01f3b1:0x8b69e5f7b87262b!8m2!3d51.0546892!4d19.4408694!16s%2Fg%2F1pv61bg0j!19sChIJsfMB_WlVF0cRKyaHe1-etgg?authuser=0&hl=pl&g_ep=EgoyMDI2MDkwOS4wIJJjKgBIAVAD&rclk=1"
Studio Filmowe - Film i Fotografia Perspektyw.pl,Radomsko,509515719,Tak,http://www.perspektyw.pl/,,,,,,6,Ma własną stronę WWW (http://www.perspektyw.pl/). Maps: https://www.google.com/maps/place/Studio+Filmowe+-+Film+i+Fotografia+Perspektyw.pl/data=!4m7!3m6!1s0x4719ff05b95b6f7b:0x1e7004fe33f11b30!8m2!3d51.0784122!4d19.463626!16s%2Fg%2F11m2hcw08s!19sChIJe29buQX_GUcRMBvxM_4EcB4?authuser=0&hl=pl&g_ep=EgoyMDI2MDkwOS4wIJJjKgBIAVAD&rclk=1
PanKacprzak Fotografia,Radomsko,512397040,Tak,http://www.pankacprzak.com/,,,,,,6,Ma własną stronę WWW (http://www.pankacprzak.com/). Maps: https://www.google.com/maps/place/PanKacprzak+Fotografia/data=!4m7!3m6!1s0x471755603ec9f9cd:0x852df8f1297a7d!8m2!3d51.0668486!4d19.451758!16s%2Fg%2F1w2yy5z5!19sChIJzfnJPmBVF0cRfXop8fgthQA?authuser=0&hl=pl&g_ep=EgoyMDI2MDkwOS4wIJJjKgBIAVAD&rclk=1
Kozia Chatka naturalne sery z mleka kóz anglonubijskich. Fotoluxon Ewa Kluza Fotografia,Radomsko,,Nie,,,Tak,,,,3,"Uzupełniony profil Google (2 opinii, śr. 5.0) + obecność w social media (Facebook), ale niewielka skala (mało opinii/obserwujących) — brak własnej strony. FB(raw): https://www.facebook.com/Fotoluxon-Ewa-Kluza-fotografia-104002091600371 | Maps: https://www.google.com/maps/place/Kozia+Chatka+naturalne+sery+z+mleka+k%C3%B3z+anglonubijskich.+Fotoluxon+Ewa+Kluza+Fotografia/data=!4m7!3m6!1s0x4719f9b52b833755:0xfa83292ab6b667ea!8m2!3d51.0666414!4d19.4447557!16s%2Fg%2F11rd9h1b9z!19sChIJVTeDK7X5GUcR6me2tiopg_o?authuser=0&hl=pl&g_ep=EgoyMDI2MDkwOS4wIJJjKgBIAVAD&rclk=1"
Bartek Cieślik Image,Radomsko,,Nie,,,,,,,1,Skąpy profil Google (brak opinii) — nie wykryto automatycznie FB/IG/Booksy. Social media NIE zweryfikowane indywidualnie (za duża skala). Maps: https://www.google.com/maps/place/Bartek+Cie%C5%9Blik+Image/data=!4m7!3m6!1s0x471755d06024260b:0x20163f13da449841!8m2!3d51.067915!4d19.444595!16s%2Fg%2F11lym6dwg8!19sChIJCyYkYNBVF0cRQZhE2hM_FiA?authuser=0&hl=pl&g_ep=EgoyMDI2MDkwOS4wIJJjKgBIAVAD&rclk=1
Fotograf Kierebiński,Tomaszów Mazowiecki,447248698,Tak,https://fotokierebinscy.pl/,,,,,,6,Ma własną stronę WWW (https://fotokierebinscy.pl/). Maps: https://www.google.com/maps/place/Fotograf+Kierebi%C5%84ski/data=!4m7!3m6!1s0x4719852f499d6d3f:0x19d57973539e2deb!8m2!3d51.530783!4d20.004059!16s%2Fg%2F11g718pbrv!19sChIJP22dSS-FGUcR6y2eU3N51Rk?authuser=0&hl=pl&g_ep=EgoyMDI2MDkwOS4wIJJjKgBIAVAD&rclk=1
Super Foto,Tomaszów Mazowiecki,447252521,Nie,,,,,,,5,"Uzupełniony profil Google (41 opinii, śr. 4.6), zdjęcia — ale brak Facebooka, Instagrama i Booksy (zweryfikowano). Maps: https://www.google.com/maps/place/Super+Foto/data=!4m7!3m6!1s0x4719852faaaaaaab:0x924a3299e6c77da5!8m2!3d51.5300191!4d20.0046169!16s%2Fg%2F11csqcxh5b!19sChIJq6qqqi-FGUcRpX3H5pkySpI?authuser=0&hl=pl&g_ep=EgoyMDI2MDkwOS4wIJJjKgBIAVAD&rclk=1"
DWB FOTO Dawid Bożyk,Tomaszów Mazowiecki,780600131,Nie,,,,,,,5,"Uzupełniony profil Google (74 opinii, śr. 5.0), zdjęcia — ale brak Facebooka, Instagrama i Booksy (zweryfikowano). Maps: https://www.google.com/maps/place/DWB+FOTO+Dawid+Bo%C5%BCyk/data=!4m7!3m6!1s0x471985eb7a3fd483:0xe8cedcfb2284b46a!8m2!3d51.5290501!4d20.0193307!16s%2Fg%2F11p12mxpb0!19sChIJg9Q_euuFGUcRarSEIvvczug?authuser=0&hl=pl&g_ep=EgoyMDI2MDkwOS4wIJJjKgBIAVAD&rclk=1"
FOTOGRAF studio jaskrawo Tomaszów Mazowiecki,Tomaszów Mazowiecki,500651951,Tak,https://studiojaskrawo.pl/,,,,,,6,Ma własną stronę WWW (https://studiojaskrawo.pl/). Maps: https://www.google.com/maps/place/FOTOGRAF+studio+jaskrawo+Tomasz%C3%B3w+Mazowiecki/data=!4m7!3m6!1s0x47198566383f3b2b:0x9cd3052473322ec9!8m2!3d51.544075!4d20.0133719!16s%2Fg%2F11hdwx0ks0!19sChIJKzs_OGaFGUcRyS4ycyQF05w?authuser=0&hl=pl&g_ep=EgoyMDI2MDkwOS4wIJJjKgBIAVAD&rclk=1
WJ PHOTOGRAPHY SP. Z O.O.,Tomaszów Mazowiecki,666137438,Tak,https://wiolajozwik.pl/,,,,,,6,Ma własną stronę WWW (https://wiolajozwik.pl/). Maps: https://www.google.com/maps/place/WJ+PHOTOGRAPHY+SP.+Z+O.O./data=!4m7!3m6!1s0x47199b29b3af68db:0xd28a05854bb77177!8m2!3d51.5338919!4d20.037975!16s%2Fg%2F1vfp2crc!19sChIJ22ivsymbGUcRd3G3S4UFitI?authuser=0&hl=pl&g_ep=EgoyMDI2MDkwOS4wIJJjKgBIAVAD&rclk=1
Zacny Fotograf,Tomaszów Mazowiecki,514162241,Tak,http://www.zacnyfotograf.pl/,,,,,,6,Ma własną stronę WWW (http://www.zacnyfotograf.pl/). Maps: https://www.google.com/maps/place/Zacny+Fotograf/data=!4m7!3m6!1s0x4719856c876a1c57:0xeaf949378d3cb745!8m2!3d51.5311945!4d20.0086471!16s%2Fg%2F11gr5qbpmt!19sChIJVxxqh2yFGUcRRbc8jTdJ-eo?authuser=0&hl=pl&g_ep=EgoyMDI2MDkwOS4wIJJjKgBIAVAD&rclk=1
Fotograf,Tomaszów Mazowiecki,,Nie,,,,,,,2,"Uzupełniony profil Google (7 opinii, śr. 5.0) — nie wykryto automatycznie FB/IG/Booksy. Social media NIE zweryfikowane indywidualnie (za duża skala) — sprawdzić ręcznie przed telefonem. Maps: https://www.google.com/maps/place/Fotograf/data=!4m7!3m6!1s0x4719852c998af9f7:0x807e3f57d4abc6a0!8m2!3d51.5290839!4d20.0194343!16s%2Fg%2F11hccrq4pd!19sChIJ9_mKmSyFGUcRoMar1Fc_foA?authuser=0&hl=pl&g_ep=EgoyMDI2MDkwOS4wIJJjKgBIAVAD&rclk=1"
Foto-Produkt,Tomaszów Mazowiecki,696804544,Tak,http://www.produktowe.com.pl/,,,,,,6,Ma własną stronę WWW (http://www.produktowe.com.pl/). Maps: https://www.google.com/maps/place/Foto-Produkt/data=!4m7!3m6!1s0x471bcad733303af7:0x1d5df32bcf572e52!8m2!3d51.543778!4d20.0147448!16s%2Fg%2F11b6lm6w0x!19sChIJ9zowM9fKG0cRUi5XzyvzXR0?authuser=0&hl=pl&g_ep=EgoyMDI2MDkwOS4wIJJjKgBIAVAD&rclk=1
SercemKadrowane,Tomaszów Mazowiecki,697617081,Nie,,,Tak,,,,4,"Bardzo dobra widoczność: brak własnej strony, ale aktywne social media (Facebook) i 31 opinii Google śr. 5.0 — najlepszy typ leada (dużo ruchu, zero www). FB: https://www.facebook.com/people/SercemKadrowane/100063650524561/ | Maps: https://www.google.com/maps/place/SercemKadrowane/data=!4m7!3m6!1s0x4719853c6bddab89:0x7ced2477862a9721!8m2!3d51.529154!4d19.9965806!16s%2Fg%2F11fk535b1n!19sChIJiavdazyFGUcRIZcqhnck7Xw?authuser=0&hl=pl&g_ep=EgoyMDI2MDkwOS4wIJJjKgBIAVAD&rclk=1"
Foto Szopa - pracownia fotografii produktowej,Tomaszów Mazowiecki,793534231,Nie,,,Tak,,,,3,"Uzupełniony profil Google (1 opinii, śr. 5.0) + obecność w social media (Facebook), ale niewielka skala (mało opinii/obserwujących) — brak własnej strony. FB(raw): http://www.facebook.com/fotoszopastudio | Maps: https://www.google.com/maps/place/Foto+Szopa+-+pracownia+fotografii+produktowej/data=!4m7!3m6!1s0x47198527c6891855:0x837f9e3bcf75c29e!8m2!3d51.5314171!4d20.0068362!16s%2Fg%2F11g8x8mx5h!19sChIJVRiJxieFGUcRnsJ1zzuef4M?authuser=0&hl=pl&g_ep=EgoyMDI2MDkwOS4wIJJjKgBIAVAD&rclk=1"
Labo-Foto. Handel i usługi fotograficzne. Słoma D.,Tomaszów Mazowiecki,447247316,Nie,,,Tak,,,,4,"Bardzo dobra widoczność: brak własnej strony, ale aktywne social media (Facebook) i 22 opinii Google śr. 4.2 — najlepszy typ leada (dużo ruchu, zero www). FB: https://www.facebook.com/p/Labo-Foto-Studio-100066899748937/ | Maps: https://www.google.com/maps/place/Labo-Foto.+Handel+i+us%C5%82ugi+fotograficzne.+S%C5%82oma+D./data=!4m7!3m6!1s0x471985261f00b83f:0xa8ca62672f100238!8m2!3d51.5353584!4d20.0089311!16s%2Fg%2F1tlmm1y9!19sChIJP7gAHyaFGUcROAIQL2diyqg?authuser=0&hl=pl&g_ep=EgoyMDI2MDkwOS4wIJJjKgBIAVAD&rclk=1"
O! Takie małe atelier,Tomaszów Mazowiecki,573743404,Tak,https://otakiemaleatelier.pl/,,Tak,,,,6,Ma własną stronę WWW (https://otakiemaleatelier.pl/). FB: https://www.facebook.com/otakiemaleatelier/ | Maps: https://www.google.com/maps/place/O!+Takie+ma%C5%82e+atelier/data=!4m7!3m6!1s0x471985f884863555:0x72fddacb40e142e1!8m2!3d51.5311945!4d20.0086471!16s%2Fg%2F11q3x6db4p!19sChIJVTWGhPiFGUcR4ULhQMva_XI?authuser=0&hl=pl&g_ep=EgoyMDI2MDkwOS4wIJJjKgBIAVAD&rclk=1
Studio Fotografii Fiks Zdjęcia Biznesowe Tomaszów Mazowiecki,Tomaszów Mazowiecki,692725555,Tak,https://biznesowefiks.pl/,,,,,,6,Ma własną stronę WWW (https://biznesowefiks.pl/). Maps: https://www.google.com/maps/place/Studio+Fotografii+Fiks+Zdj%C4%99cia+Biznesowe+Tomasz%C3%B3w+Mazowiecki/data=!4m7!3m6!1s0x471bcbe11fa4046d:0xe877d24cc9881375!8m2!3d51.543778!4d20.0147448!16s%2Fg%2F11vlg59kmd!19sChIJbQSkH-HLG0cRdROIyUzSd-g?authuser=0&hl=pl&g_ep=EgoyMDI2MDkwOS4wIJJjKgBIAVAD&rclk=1
HDstudios,Tomaszów Mazowiecki,793387842,Tak,http://www.hdstudios.pl/,,,,,,6,Ma własną stronę WWW (http://www.hdstudios.pl/). Maps: https://www.google.com/maps/place/HDstudios/data=!4m7!3m6!1s0x47199a61d5a7947b:0x988e4460c5cb4398!8m2!3d51.5445282!4d20.0111786!16s%2Fg%2F11b7q3nbg6!19sChIJe5Sn1WGaGUcRmEPLxWBEjpg?authuser=0&hl=pl&g_ep=EgoyMDI2MDkwOS4wIJJjKgBIAVAD&rclk=1
Studio Fennel - Fotografia produktowa,Tomaszów Mazowiecki,509862687,Tak,http://studiofennel.pl/,,,,,,6,Ma własną stronę WWW (http://studiofennel.pl/). Maps: https://www.google.com/maps/place/Studio+Fennel+-+Fotografia+produktowa/data=!4m7!3m6!1s0x4719853a8fcf9769:0xbdd77e0f85ade2f3!8m2!3d51.5315706!4d20.0034001!16s%2Fg%2F11f7sszybb!19sChIJaZfPjzqFGUcR8-KthQ9-170?authuser=0&hl=pl&g_ep=EgoyMDI2MDkwOS4wIJJjKgBIAVAD&rclk=1
Aesthé Fotografia Aleksandra Gotner,Tomaszów Mazowiecki,515454078,Nie,,,Tak,,,,3,"Uzupełniony profil Google (5 opinii, śr. 5.0) + obecność w social media (Facebook), ale niewielka skala (mało opinii/obserwujących) — brak własnej strony. FB(raw): https://www.facebook.com/magiauczucaleksandragotner | Maps: https://www.google.com/maps/place/Aesth%C3%A9+Fotografia+Aleksandra+Gotner/data=!4m7!3m6!1s0x4719857a0217f3d5:0xce5e339745d75833!8m2!3d51.5452214!4d20.0247545!16s%2Fg%2F11r7647b2j!19sChIJ1fMXAnqFGUcRM1jXRZczXs4?authuser=0&hl=pl&g_ep=EgoyMDI2MDkwOS4wIJJjKgBIAVAD&rclk=1"
Grzegorz Leśniewski Magia Fotografii,Tomaszów Mazowiecki,,Tak,http://magiafotografii.weebly.com/,,,,,,6,Ma własną stronę WWW (http://magiafotografii.weebly.com/). Maps: https://www.google.com/maps/place/Grzegorz+Le%C5%9Bniewski+Magia+Fotografii/data=!4m7!3m6!1s0x471984d85212929d:0x2e5c2d9f8e98fbdb!8m2!3d51.5393545!4d20.0096699!16s%2Fg%2F11g8tykyjj!19sChIJnZISUtiEGUcR2_uYjp8tXC4?authuser=0&hl=pl&g_ep=EgoyMDI2MDkwOS4wIJJjKgBIAVAD&rclk=1
Małgorzata Justyna fotografia,Tomaszów Mazowiecki,602236185,Nie,,,,,,,2,"Uzupełniony profil Google (7 opinii, śr. 5.0) — nie wykryto automatycznie FB/IG/Booksy. Social media NIE zweryfikowane indywidualnie (za duża skala) — sprawdzić ręcznie przed telefonem. Maps: https://www.google.com/maps/place/Ma%C5%82gorzata+Justyna+fotografia/data=!4m7!3m6!1s0x4719852f728b9de3:0xf3a90c124ab3ff1!8m2!3d51.5296516!4d20.0075274!16s%2Fg%2F11h6g14fcd!19sChIJ452Lci-FGUcR8T-rJMGQOg8?authuser=0&hl=pl&g_ep=EgoyMDI2MDkwOS4wIJJjKgBIAVAD&rclk=1"
Hokus Fokus Fotografia Hanna Szymczak,Tomaszów Mazowiecki,601301240,Nie,,Tak,Tak,,,,4,"Bardzo dobra widoczność: brak własnej strony, ale aktywne social media (Facebook + Instagram) i 11 opinii Google śr. 4.3 — najlepszy typ leada (dużo ruchu, zero www). FB: https://pl-pl.facebook.com/HannaSzymczakFotografia | IG: https://www.instagram.com/hanna.szymczak/ | Maps: https://www.google.com/maps/place/Hokus+Fokus+Fotografia+Hanna+Szymczak/data=!4m7!3m6!1s0x471985260f419e7d:0xa9372f1af11aaa6f!8m2!3d51.5292428!4d20.0214761!16s%2Fg%2F11h0vq0xkl!19sChIJfZ5BDyaFGUcRb6oa8RovN6k?authuser=0&hl=pl&g_ep=EgoyMDI2MDkwOS4wIJJjKgBIAVAD&rclk=1"
Święte-Wesele Film i Fotografia Ślubna,Tomaszów Mazowiecki,889443484,Nie,,,,,,,1,Skąpy profil Google (brak opinii) — nie wykryto automatycznie FB/IG/Booksy. Social media NIE zweryfikowane indywidualnie (za duża skala). Maps: https://www.google.com/maps/place/%C5%9Awi%C4%99te-Wesele+Film+i+Fotografia+%C5%9Alubna/data=!4m7!3m6!1s0x4719853edafec92b:0xa523639527d8a860!8m2!3d51.5417045!4d20.0000513!16s%2Fg%2F11k_4g2snj!19sChIJK8n-2j6FGUcRYKjYJ5VjI6U?authuser=0&hl=pl&g_ep=EgoyMDI2MDkwOS4wIJJjKgBIAVAD&rclk=1
Blank Studio,Tomaszów Mazowiecki,,Tak,http://blankstudio.pl/,,,,,,6,Ma własną stronę WWW (http://blankstudio.pl/). Maps: https://www.google.com/maps/place/Blank+Studio/data=!4m7!3m6!1s0x47198525bed217eb:0x2185f25a3a67659e!8m2!3d51.5311945!4d20.0086471!16s%2Fg%2F11zlq4whf!19sChIJ6xfSviWFGUcRnmVnOlryhSE?authuser=0&hl=pl&g_ep=EgoyMDI2MDkwOS4wIJJjKgBIAVAD&rclk=1
Fotografia ślubna fotoduet.pl,Tomaszów Mazowiecki,607194837,Nie,,,,,,,1,Skąpy profil Google (brak opinii) — nie wykryto automatycznie FB/IG/Booksy. Social media NIE zweryfikowane indywidualnie (za duża skala). Maps: https://www.google.com/maps/place/Fotografia+%C5%9Blubna+fotoduet.pl/data=!4m7!3m6!1s0x4719856cccf42d8b:0xd1d7a23709464f6a!8m2!3d51.5255198!4d19.9905123!16s%2Fg%2F11wmzv3d2m!19sChIJiy30zGyFGUcRak9GCTei19E?authuser=0&hl=pl&g_ep=EgoyMDI2MDkwOS4wIJJjKgBIAVAD&rclk=1
Palmowski Maciej. Usługi fotograficzne,Sulejów,446172249,Tak,http://www.foto-palmowscy.pl/,,,,,,6,Ma własną stronę WWW (http://www.foto-palmowscy.pl/). Maps: https://www.google.com/maps/place/Palmowski+Maciej.+Us%C5%82ugi+fotograficzne/data=!4m7!3m6!1s0x47198d5bb6930583:0x2a54a71198d65acf!8m2!3d51.3548636!4d19.881877!16s%2Fg%2F1x5f92_8!19sChIJgwWTtluNGUcRz1rWmBGnVCo?authuser=0&hl=pl&g_ep=EgoyMDI2MDkwOS4wIJJjKgBIAVAD&rclk=1
Ann Photo Anna Górna,Sulejów,693100808,Nie,,,Tak,,,,4,"Bardzo dobra widoczność: brak własnej strony, ale aktywne social media (Facebook) i 26 opinii Google śr. 5.0 — najlepszy typ leada (dużo ruchu, zero www). FB(raw): https://www.facebook.com/Ann.Photography.Sulejow | Maps: https://www.google.com/maps/place/Ann+Photo+Anna+G%C3%B3rna/data=!4m7!3m6!1s0x47199299f6a01807:0xa9688407e1ffa1f8!8m2!3d51.362381!4d19.9129979!16s%2Fg%2F11cnxzdpfc!19sChIJBxig9pmSGUcR-KH_4QeEaKk?authuser=0&hl=pl&g_ep=EgoyMDI2MDkwOS4wIJJjKgBIAVAD&rclk=1"
Szkatulski_Photography,Sulejów,669889133,Nie,,Tak,,,,,3,"Uzupełniony profil Google + obecność w social media (Instagram), ale niewielka skala (mało opinii/obserwujących) — brak własnej strony. IG(raw): https://www.instagram.com/szkatulski_photography/ | Maps: https://www.google.com/maps/place/Szkatulski_Photography/data=!4m7!3m6!1s0x4719930045d3c705:0x28044931c54107e1!8m2!3d51.3630925!4d19.918288!16s%2Fg%2F11z911fw3m!19sChIJBcfTRQCTGUcR4QdBxTFJBCg?authuser=0&hl=pl&g_ep=EgoyMDI2MDkwOS4wIJJjKgBIAVAD&rclk=1"
Magdalena Suszka-Krawiec Fotografia,Sulejów,697035198,Nie,,,Tak,,,,3,"Uzupełniony profil Google (4 opinii, śr. 5.0) + obecność w social media (Facebook), ale niewielka skala (mało opinii/obserwujących) — brak własnej strony. FB(raw): https://www.facebook.com/MagdalenaSuszkaKrawiecFotografia/ | Maps: https://www.google.com/maps/place/Magdalena+Suszka-Krawiec+Fotografia/data=!4m7!3m6!1s0x258933164085fe6f:0x1fb8fd33a0f5ba7d!8m2!3d51.3539718!4d19.8786502!16s%2Fg%2F11s7wk33dz!19sChIJb_6FQBYziSURfbr1oDP9uB8?authuser=0&hl=pl&g_ep=EgoyMDI2MDkwOS4wIJJjKgBIAVAD&rclk=1"
tristanfotofilm,Wolbórz,,Tak,http://tristanfotofilm.ovh/,,,,,,6,Ma własną stronę WWW (http://tristanfotofilm.ovh/). Maps: https://www.google.com/maps/place/tristanfotofilm/data=!4m7!3m6!1s0x471988e9fba55555:0xbb4c5e935a94b72b!8m2!3d51.4970742!4d19.8295275!16s%2Fg%2F11vywyqmbr!19sChIJVVWl--mIGUcRK7eUWpNeTLs?authuser=0&hl=pl&g_ep=EgoyMDI2MDkwOS4wIJJjKgBIAVAD&rclk=1
Kama Robert Kabziński,Rozprza,508343025,Nie,,,Tak,,,,3,"Uzupełniony profil Google (4 opinii, śr. 4.0) + obecność w social media (Facebook), ale niewielka skala (mało opinii/obserwujących) — brak własnej strony. FB(raw): https://www.facebook.com/StudioFotovideoKama | Maps: https://www.google.com/maps/place/Kama+Robert+Kabzi%C5%84ski/data=!4m7!3m6!1s0x4719f5d3d7705081:0x1c333bbfd4dca67c!8m2!3d51.3025747!4d19.6457113!16s%2Fg%2F11c2y1t3kj!19sChIJgVBw19P1GUcRfKbc1L87Mxw?authuser=0&hl=pl&g_ep=EgoyMDI2MDkwOS4wIJJjKgBIAVAD&rclk=1"
Bala Studio Fotografii Basia Katulska,Rozprza,721029617,Nie,,,,,,,1,"Skąpy profil Google (2 opinii, śr. 5.0) — nie wykryto automatycznie FB/IG/Booksy. Social media NIE zweryfikowane indywidualnie (za duża skala). Maps: https://www.google.com/maps/place/Bala+Studio+Fotografii+Basia+Katulska/data=!4m7!3m6!1s0x4719f5d90ae2db4d:0xdf69360d36ee599a!8m2!3d51.3072729!4d19.638973!16s%2Fg%2F11f9_bxz3m!19sChIJTdviCtn1GUcRmlnuNg02ad8?authuser=0&hl=pl&g_ep=EgoyMDI2MDkwOS4wIJJjKgBIAVAD&rclk=1"
Saviccy Studio,Rozprza,508505208,Nie,,,Tak,,,,3,"Uzupełniony profil Google + obecność w social media (Facebook), ale niewielka skala (mało opinii/obserwujących) — brak własnej strony. FB(raw): https://www.facebook.com/saviccystudio?locale=pl_PL | Maps: https://www.google.com/maps/place/Saviccy+Studio/data=!4m7!3m6!1s0x4d704813192a89c5:0x1a9f5e29f9438e72!8m2!3d51.2966296!4d19.8135688!16s%2Fg%2F11zgn537bb!19sChIJxYkqGRNIcE0Rco5D-Slenxo?authuser=0&hl=pl&g_ep=EgoyMDI2MDkwOS4wIJJjKgBIAVAD&rclk=1"
Studio fotograficzne Barbassa ART. Beata Saktura,Zelów,790607421,Tak,https://barbassa.art/,,,,,,6,Ma własną stronę WWW (https://barbassa.art/). Maps: https://www.google.com/maps/place/Studio+fotograficzne+Barbassa+ART.+Beata+Saktura/data=!4m7!3m6!1s0x471a3fdd42c2ab4d:0xf87b3c4ce554d1a0!8m2!3d51.4648353!4d19.2172079!16s%2Fg%2F11mdvzs1ds!19sChIJTavCQt0_GkcRoNFU5Uw8e_g?authuser=0&hl=pl&g_ep=EgoyMDI2MDkwOS4wIJJjKgBIAVAD&rclk=1
Mfoto-Studio,Zelów,501179257,Nie,,,,,,,1,"Skąpy profil Google (1 opinii, śr. 5.0) — nie wykryto automatycznie FB/IG/Booksy. Social media NIE zweryfikowane indywidualnie (za duża skala). Maps: https://www.google.com/maps/place/Mfoto-Studio/data=!4m7!3m6!1s0x471a3fc53d5ad0a5:0x65f17af03696ba68!8m2!3d51.4674351!4d19.2220098!16s%2Fg%2F1hhntkp55!19sChIJpdBaPcU_GkcRaLqWNvB68WU?authuser=0&hl=pl&g_ep=EgoyMDI2MDkwOS4wIJJjKgBIAVAD&rclk=1"
Anna Zintek Fotografia,Kolonia Łobudzice,,Nie,,,,,,,1,"Skąpy profil Google (2 opinii, śr. 5.0) — nie wykryto automatycznie FB/IG/Booksy. Social media NIE zweryfikowane indywidualnie (za duża skala). Maps: https://www.google.com/maps/place/Anna+Zintek+Fotografia/data=!4m7!3m6!1s0x471a3fc3f610134d:0xc9fcaea4341946fb!8m2!3d51.4499191!4d19.2769959!16s%2Fg%2F11qgsgsbfw!19sChIJTRMQ9sM_GkcR-0YZNKSu_Mk?authuser=0&hl=pl&g_ep=EgoyMDI2MDkwOS4wIJJjKgBIAVAD&rclk=1"
Real Story Tobiasz Kukieła,Zelów,664369695,Nie,,,Tak,,,,3,"Uzupełniony profil Google (1 opinii, śr. 5.0) + obecność w social media (Facebook), ale niewielka skala (mało opinii/obserwujących) — brak własnej strony. FB(raw): https://www.facebook.com/Real-Story-101139321305048 | Maps: https://www.google.com/maps/place/Real+Story+Tobiasz+Kukie%C5%82a/data=!4m7!3m6!1s0x471a3f31df644067:0x14904e378d62d7ba!8m2!3d51.480909!4d19.2098458!16s%2Fg%2F11s1tvnvpk!19sChIJZ0Bk3zE_GkcRutdijTdOkBQ?authuser=0&hl=pl&g_ep=EgoyMDI2MDkwOS4wIJJjKgBIAVAD&rclk=1"
F.H.U. AMI,Zelów,446342236,Nie,,,,,,,1,Skąpy profil Google (brak opinii) — nie wykryto automatycznie FB/IG/Booksy. Social media NIE zweryfikowane indywidualnie (za duża skala). Maps: https://www.google.com/maps/place/F.H.U.+AMI/data=!4m7!3m6!1s0x471a3fdb5c5a0305:0xb25013659e5cb8ee!8m2!3d51.465784!4d19.216537!16s%2Fg%2F1v3lnpys!19sChIJBQNaXNs_GkcR7rhcnmUTULI?authuser=0&hl=pl&g_ep=EgoyMDI2MDkwOS4wIJJjKgBIAVAD&rclk=1
Ślub Snów,Zelów,,Nie,,,,,,,1,Skąpy profil Google (brak opinii) — nie wykryto automatycznie FB/IG/Booksy. Social media NIE zweryfikowane indywidualnie (za duża skala). Maps: https://www.google.com/maps/place/%C5%9Alub+Sn%C3%B3w/data=!4m7!3m6!1s0x471a3fe66a89f8df:0xa75596935ed6b54f!8m2!3d51.4677064!4d19.2027524!16s%2Fg%2F11xc0pfxt!19sChIJ3_iJauY_GkcRT7XWXpOWVac?authuser=0&hl=pl&g_ep=EgoyMDI2MDkwOS4wIJJjKgBIAVAD&rclk=1
AS DIANA STUDIO FOTOGRAFICZNE Sławomir Rudziński,Przedbórz,504212948,Tak,https://as-diana-studio-fotograficzne-sawomir-rudzinski.business.site/,,,,,,6,Ma własną stronę WWW (https://as-diana-studio-fotograficzne-sawomir-rudzinski.business.site/). Własna strona to darmowa wizytówka Google Sites — dobry kandydat na upgrade do prawdziwej strony. Maps: https://www.google.com/maps/place/AS+DIANA+STUDIO+FOTOGRAFICZNE+S%C5%82awomir+Rudzi%C5%84ski/data=!4m7!3m6!1s0x4719e6ce12f2b465:0x8160e075a53f7266!8m2!3d51.0869312!4d19.8750625!16s%2Fg%2F1tfv3wn_!19sChIJZbTyEs7mGUcRZnI_pXXgYIE?authuser=0&hl=pl&g_ep=EgoyMDI2MDkwOS4wIJJjKgBIAVAD&rclk=1
Creative Studio,Przedbórz,,Nie,,,Tak,,,,4,"Bardzo dobra widoczność: brak własnej strony, ale aktywne social media (Facebook) i 11 opinii Google śr. 4.6 — najlepszy typ leada (dużo ruchu, zero www). FB(raw): https://www.facebook.com/Creative-Studio-107107545016757/ | Maps: https://www.google.com/maps/place/Creative+Studio/data=!4m7!3m6!1s0x4719e7cebf22287d:0xe9e903d5a6e6c6a9!8m2!3d51.0892407!4d19.8699357!16s%2Fg%2F11pd1y794b!19sChIJfSgiv87nGUcRqcbmptUD6ek?authuser=0&hl=pl&g_ep=EgoyMDI2MDkwOS4wIJJjKgBIAVAD&rclk=1"
FOTOGRAFIA Damian Kuzdak,Przedbórz,,Tak,https://www.damiankuzdak.com/,,,,,,6,Ma własną stronę WWW (https://www.damiankuzdak.com/). Maps: https://www.google.com/maps/place/FOTOGRAFIA+Damian+Kuzdak/data=!4m7!3m6!1s0x60fb2fe55bd4d897:0x69967d453febb00f!8m2!3d51.0826923!4d19.8745797!16s%2Fg%2F11v5941sh8!19sChIJl9jUW-Uv-2ARD7DrP0V9lmk?authuser=0&hl=pl&g_ep=EgoyMDI2MDkwOS4wIJJjKgBIAVAD&rclk=1
Zakład fotograficzny,Szczerców,,Nie,,,,,,,1,"Bardzo słaby profil Google (2 opinii, śr. 5.0), brak jakiejkolwiek aktywności w social media (zweryfikowano) — firma praktycznie niewidoczna online. Maps: https://www.google.com/maps/place/Zak%C5%82ad+fotograficzny/data=!4m7!3m6!1s0x471a130057f3881b:0x9296218779fd03e0!8m2!3d51.331655!4d19.111993!16s%2Fg%2F11zhwd2mdm!19sChIJG4jzVwATGkcR4AP9eYchlpI?authuser=0&hl=pl&g_ep=EgoyMDI2MDkwOS4wIJJjKgBIAVAD&rclk=1"
Fotograf Kamil Przybył,Szczerców,721886609,Nie,,,Tak,,,,4,"Bardzo dobra widoczność: brak własnej strony, ale aktywne social media (Facebook) i 11 opinii Google śr. 5.0 — najlepszy typ leada (dużo ruchu, zero www). FB(raw): http://www.facebook.com/fotografkamilprzybyl | Maps: https://www.google.com/maps/place/Fotograf+Kamil+Przyby%C5%82/data=!4m7!3m6!1s0x471a12e859a58751:0x8ea1656ec39013f7!8m2!3d51.3089601!4d19.1007955!16s%2Fg%2F1ptvtrhjt!19sChIJUYelWegSGkcR9xOQw25loY4?authuser=0&hl=pl&g_ep=EgoyMDI2MDkwOS4wIJJjKgBIAVAD&rclk=1"
Zakład fotograficzny,Ujazd,447192566,Nie,,,,,,,4,"Uzupełniony profil Google (24 opinii, śr. 4.8), zdjęcia — ale brak Facebooka, Instagrama i Booksy (zweryfikowano). Maps: https://www.google.com/maps/place/Zak%C5%82ad+fotograficzny/data=!4m7!3m6!1s0x4719814d74e3f093:0x14f78d600dc9b676!8m2!3d51.599127!4d19.920893!16s%2Fg%2F1hc7gvtcw!19sChIJk_DjdE2BGUcRdrbJDWCN9xQ?authuser=0&hl=pl&g_ep=EgoyMDI2MDkwOS4wIJJjKgBIAVAD&rclk=1"
Maciej Kozakow,Ujazd,608804593,Nie,,,,,,,2,"Uzupełniony profil Google (6 opinii, śr. 4.3) — nie wykryto automatycznie FB/IG/Booksy. Social media NIE zweryfikowane indywidualnie (za duża skala) — sprawdzić ręcznie przed telefonem. Maps: https://www.google.com/maps/place/Maciej+Kozakow/data=!4m7!3m6!1s0x4719814d0ae80879:0x14609e76eabc7871!8m2!3d51.5990909!4d19.9208256!16s%2Fg%2F11h48w_53z!19sChIJeQjoCk2BGUcRcXi86naeYBQ?authuser=0&hl=pl&g_ep=EgoyMDI2MDkwOS4wIJJjKgBIAVAD&rclk=1"
Foto Styl,Ujazd,,Nie,,,,,,,1,"Skąpy profil Google (2 opinii, śr. 4.5) — nie wykryto automatycznie FB/IG/Booksy. Social media NIE zweryfikowane indywidualnie (za duża skala). Maps: https://www.google.com/maps/place/Foto+Styl/data=!4m7!3m6!1s0x4719814d757895c1:0x5ca164eb087404bb!8m2!3d51.5991057!4d19.9209452!16s%2Fg%2F11ghp3dx9c!19sChIJwZV4dU2BGUcRuwR0COtkoVw?authuser=0&hl=pl&g_ep=EgoyMDI2MDkwOS4wIJJjKgBIAVAD&rclk=1"
MS-Photo Marcel Sztandarski,Inowłódz,574643978,Tak,https://msphoto23.myportfolio.com/,,,,,,6,Ma własną stronę WWW (https://msphoto23.myportfolio.com/). Maps: https://www.google.com/maps/place/MS-Photo+Marcel+Sztandarski/data=!4m7!3m6!1s0xa28d15fb0853b8d:0x5d9204dc8461fd33!8m2!3d51.520596!4d20.0259172!16s%2Fg%2F11jztkvmc1!19sChIJjTuFsF_RKAoRM_1hhNwEkl0?authuser=0&hl=pl&g_ep=EgoyMDI2MDkwOS4wIJJjKgBIAVAD&rclk=1
Czesław Abratkiewicz,Piotrków Trybunalski,721778121,Nie,,,,,,,1,"Skąpy profil Google (1 opinii, śr. 5) — nie wykryto automatycznie FB/IG/Booksy z wizytówki Google. | Nowy lead z rozszerzenia regionu (2026-09-15). | Maps: https://www.google.com/maps/place/Czes%C5%82aw+Abratkiewicz/data=!4m7!3m6!1s0x47198a8fcc71afe7:0x6336b75818638943!8m2!3d51.4090118!4d19.6855692!16s%2Fg%2F11h2l8jjj5!19sChIJ569xzI-KGUcRQ4ljGFi3NmM?authuser=0&hl=pl&g_ep=EgoyMDI2MDkwOS4wIJJjKgBIAVAD&rclk=1"
Wieczorek Studio. Film&Foto,Piotrków Trybunalski,662196372,Nie,,,,,,,3,"Uzupełniony profil Google (14 opinii, śr. 4.6) — automatycznie nie wykryto Facebooka/Instagrama/Booksy z wizytówki Google (dane ze scrapera, nie zweryfikowano recznie kazdego profilu). | Nowy lead z rozszerzenia regionu (2026-09-15). | Maps: https://www.google.com/maps/place/Wieczorek+Studio.+Film%26Foto/data=!4m7!3m6!1s0x47198a9a3d646a9b:0x9dd6041d9ec5b278!8m2!3d51.4049211!4d19.6766187!16s%2Fg%2F11c2q41cxs!19sChIJm2pkPZqKGUcReLLFnh0E1p0?authuser=0&hl=pl&g_ep=EgoyMDI2MDkwOS4wIJJjKgBIAVAD&rclk=1"
Westrych Robert. Studio fotograficzne,Piotrków Trybunalski,601717375,Nie,,,,,,,2,"Skąpy profil Google (3 opinii, śr. 4.7) — nie wykryto automatycznie FB/IG/Booksy z wizytówki Google. | Nowy lead z rozszerzenia regionu (2026-09-15). | Maps: https://www.google.com/maps/place/Westrych+Robert.+Studio+fotograficzne/data=!4m7!3m6!1s0x47198a8ddbbac233:0x3d2ac7a90b005743!8m2!3d51.4090782!4d19.6907393!16s%2Fg%2F1td1t5q1!19sChIJM8K6242KGUcRQ1cAC6nHKj0?authuser=0&hl=pl&g_ep=EgoyMDI2MDkwOS4wIJJjKgBIAVAD&rclk=1"
Wedding Art Studio,Piotrków Trybunalski,723658040,Tak,http://weddingartstudio.pl/,,,,,,6,Ma własną stronę WWW (http://weddingartstudio.pl/). | Nowy lead z rozszerzenia regionu (2026-09-15). | Maps: https://www.google.com/maps/place/Wedding+Art+Studio/data=!4m7!3m6!1s0x47198a576d3092d5:0x15ff30f45e1b61a5!8m2!3d51.4160688!4d19.722519!16s%2Fg%2F1tf9rksl!19sChIJ1ZIwbVeKGUcRpWEbXvQw_xU?authuser=0&hl=pl&g_ep=EgoyMDI2MDkwOS4wIJJjKgBIAVAD&rclk=1
Dwie Historie,Bełchatów,516619694,Tak,http://www.dwiehistorie.pl/,,,,,,6,Ma własną stronę WWW (http://www.dwiehistorie.pl/). | Nowy lead z rozszerzenia regionu (2026-09-15). | Maps: https://www.google.com/maps/place/Dwie+Historie/data=!4m7!3m6!1s0x471a1be60409285f:0xbfb65b85002485ea!8m2!3d51.3200221!4d19.4417468!16s%2Fg%2F11f1p95jg1!19sChIJXygJBOYbGkcR6oUkAIVbtr8?authuser=0&hl=pl&g_ep=EgoyMDI2MDkxMy4wIJJjKgBIAVAD&rclk=1
Mateusz Siedlecki Fotografia,Bełchatów,668123305,Tak,http://mateuszsiedlecki.pl/,,,,,,6,Ma własną stronę WWW (http://mateuszsiedlecki.pl/). | Nowy lead z rozszerzenia regionu (2026-09-15). | Maps: https://www.google.com/maps/place/Mateusz+Siedlecki+Fotografia/data=!4m7!3m6!1s0x471a19ec676504e3:0x66257d3597f10849!8m2!3d51.5143519!4d19.3668898!16s%2Fg%2F11bw4_29bc!19sChIJ4wRlZ-wZGkcRSQjxlzV9JWY?authuser=0&hl=pl&g_ep=EgoyMDI2MDkxMy4wIJJjKgBIAVAD&rclk=1
Konik Studio,Bełchatów,,Nie,,,,,,,1,"Skąpy profil Google (2 opinii, śr. 5) — nie wykryto automatycznie FB/IG/Booksy z wizytówki Google. | Nowy lead z rozszerzenia regionu (2026-09-15). | Maps: https://www.google.com/maps/place/Konik+Studio/data=!4m7!3m6!1s0x471a19ec23ea3cef:0x5673b99d019b4490!8m2!3d51.3547314!4d19.3853983!16s%2Fg%2F1tdzdrcw!19sChIJ7zzqI-wZGkcRkESbAZ25c1Y?authuser=0&hl=pl&g_ep=EgoyMDI2MDkxMy4wIJJjKgBIAVAD&rclk=1"
Studio Figura Bełchatów Katarzyna Tabała,Bełchatów,693551008,Nie,,,Tak,,,,5,"Bardzo dobra widoczność: brak własnej strony, ale aktywne social media (Facebook) i 69 opinii Google śr. 5 — najlepszy typ leada (dużo ruchu, zero www). | FB: https://www.facebook.com/p/Studio-Figura-Be%C5%82chat%C3%B3w-61558608170772/ | Nowy lead z rozszerzenia regionu (2026-09-15). | Maps: https://www.google.com/maps/place/Studio+Figura+Be%C5%82chat%C3%B3w+Katarzyna+Taba%C5%82a/data=!4m7!3m6!1s0x6aa5cb74ab77952d:0xe703fdec5b65b21!8m2!3d51.3677487!4d19.3879084!16s%2Fg%2F11wnqtsk8p!19sChIJLZV3q3TLpWoRIVu2xd4_cA4?authuser=0&hl=pl&g_ep=EgoyMDI2MDkxMy4wIJJjKgBIAVAD&rclk=1"
Video Flash,Bełchatów,601517613,Tak,http://www.videoflash.com.pl/,,,,,,6,Ma własną stronę WWW (http://www.videoflash.com.pl/). | Nowy lead z rozszerzenia regionu (2026-09-15). | Maps: https://www.google.com/maps/place/Video+Flash/data=!4m7!3m6!1s0x4171b7db1a2e7155:0xdb8970da8e3ff09b!8m2!3d51.3238336!4d19.3536061!16s%2Fg%2F11b6_jjr14!19sChIJVXEuGtu3cUERm_A_jtpwids?authuser=0&hl=pl&g_ep=EgoyMDI2MDkxMy4wIJJjKgBIAVAD&rclk=1
Superfilmowanie,Radomsko,509372876,Tak,http://superfilmowanie.pl/,,,,,,6,Ma własną stronę WWW (http://superfilmowanie.pl/). | Nowy lead z rozszerzenia regionu (2026-09-15). | Maps: https://www.google.com/maps/place/Superfilmowanie/data=!4m7!3m6!1s0x47175592ea49cd0b:0x7f0b49b475f6c6d1!8m2!3d51.0675507!4d19.4411303!16s%2Fg%2F11h6tjg1cc!19sChIJC81J6pJVF0cR0cb2dbRJC38?authuser=0&hl=pl&g_ep=EgoyMDI2MDkwOS4wIJJjKgBIAVAD&rclk=1
GOLDFACEFOTO Michał Bus,Strzałków (gm. Radomsko),504207080,Tak,https://www.goldfacefoto.pl/,,,,,,6,Ma własną stronę WWW (https://www.goldfacefoto.pl/). | Nowy lead z rozszerzenia regionu (2026-09-15). | Maps: https://www.google.com/maps/place/GOLDFACEFOTO+Micha%C5%82+Bus/data=!4m7!3m6!1s0x8daf0a54814e6b11:0xe2dce22ec1743d5b!8m2!3d51.0584114!4d19.4752463!16s%2Fg%2F11ywdv4vgt!19sChIJEWtOgVQKr40RWz10wS7i3OI?authuser=0&hl=pl&g_ep=EgoyMDI2MDkwOS4wIJJjKgBIAVAD&rclk=1
Foto Emi. Modzelewska A.,Tomaszów Mazowiecki,503717029,Tak,https://www.gdziewesele.pl/fotovideo/tomaszow-mazowiecki,,,,,,6,Ma własną stronę WWW (https://www.gdziewesele.pl/fotovideo/tomaszow-mazowiecki). | Nowy lead z rozszerzenia regionu (2026-09-15). | Maps: https://www.google.com/maps/place/Foto+Emi.+Modzelewska+A./data=!4m7!3m6!1s0x471984fd20a1d89b:0xb5d4e1fdfd64ccae!8m2!3d51.5444812!4d19.9813894!16s%2Fg%2F1tf06dsn!19sChIJm9ihIP2EGUcRrsxk_f3h1LU?authuser=0&hl=pl&g_ep=EgoyMDI2MDkwOS4wIJJjKgBIAVAD&rclk=1
Bokar | Bogdan Karliński,Będków,601301053,Tak,http://bokar.pl/,,,,,,6,Ma własną stronę WWW (http://bokar.pl/). | Nowy lead z rozszerzenia regionu (2026-09-15). | Maps: https://www.google.com/maps/place/Bokar+%7C+Bogdan+Karli%C5%84ski/data=!4m7!3m6!1s0x471a29b5cb3f69b3:0xa9f03bc44c61f63a!8m2!3d51.5856661!4d19.7574514!16s%2Fg%2F11crzfbxv_!19sChIJs2k_y7UpGkcROvZhTMQ78Kk?authuser=0&hl=pl&g_ep=EgoyMDI2MDkwOS4wIJJjKgBIAVAD&rclk=1
FVB Studio – Fotografia i Film Ślubny,Zalesice (gm. Ujazd),502494275,Tak,https://fvbstudio.pl/,,,,,,6,Ma własną stronę WWW (https://fvbstudio.pl/). | Nowy lead z rozszerzenia regionu (2026-09-15). | Maps: https://www.google.com/maps/place/FVB+Studio+%E2%80%93+Fotografia+i+Film+%C5%9Alubny/data=!4m7!3m6!1s0x47198b299ae1334f:0x1a7bb96e80fc6975!8m2!3d51.376835!4d19.7103499!16s%2Fg%2F11c3k50f1z!19sChIJTzPhmimLGUcRdWn8gG65exo?authuser=0&hl=pl&g_ep=EgoyMDI2MDkwOS4wIJJjKgBIAVAD&rclk=1
Malina Studio Fotograficzne,Łękińsko (gm. Radomsko),695500902,Tak,http://www.studio-malina.pl/,,,,,,6,Ma własną stronę WWW (http://www.studio-malina.pl/). | Nowy lead z rozszerzenia regionu (2026-09-15). | Maps: https://www.google.com/maps/place/Malina+Studio+Fotograficzne/data=!4m7!3m6!1s0x471751ff49a0d76d:0xe38ae221fd7064ab!8m2!3d51.2129344!4d19.3312708!16s%2Fg%2F11fjxv2tjv!19sChIJbdegSf9RF0cRq2Rw_SHiiuM?authuser=0&hl=pl&g_ep=EgoyMDI2MDkwOS4wIJJjKgBIAVAD&rclk=1
Catch the moments,Stobiecko Szlacheckie (gm. Radomsko),607076645,Nie,,,Tak,,,,4,"Bardzo dobra widoczność: brak własnej strony, ale aktywne social media (Facebook) i 17 opinii Google śr. 5 — najlepszy typ leada (dużo ruchu, zero www). | FB: https://www.facebook.com/share/1D3s9wQgPq/ | Nowy lead z rozszerzenia regionu (2026-09-15). | Maps: https://www.google.com/maps/place/Catch+the+moments/data=!4m7!3m6!1s0x471a0100689286eb:0x72141c4901c25a52!8m2!3d51.1003972!4d19.3982422!16s%2Fg%2F11yt4rbb12!19sChIJ64aSaAABGkcRUlrCAUkcFHI?authuser=0&hl=pl&g_ep=EgoyMDI2MDkwOS4wIJJjKgBIAVAD&rclk=1"
Tomasz Kowalski • W JEDNYM ODBICIU • Fotografia i Film Ślubny Radomsko | Cała Polska,Ładzice (gm. Radomsko),723916370,Tak,https://tkfotovideo.pl/,,,,,,6,Ma własną stronę WWW (https://tkfotovideo.pl/). | Nowy lead z rozszerzenia regionu (2026-09-15). | Maps: https://www.google.com/maps/place/Tomasz+Kowalski+%E2%80%A2+W+JEDNYM+ODBICIU+%E2%80%A2+Fotografia+i+Film+%C5%9Alubny+Radomsko+%7C+Ca%C5%82a+Polska/data=!4m7!3m6!1s0x7bfca9b89ec2ea1:0xaea2da65128c264b!8m2!3d51.0721558!4d19.2493666!16s%2Fg%2F11s8zpbm68!19sChIJoS7siZvKvwcRSyaMEmXaoq4?authuser=0&hl=pl&g_ep=EgoyMDI2MDkwOS4wIJJjKgBIAVAD&rclk=1
Fotoiska Izabela Powroźnik,Gidle,517216138,Tak,http://www.fotoiska.pl/,,,,,,6,Ma własną stronę WWW (http://www.fotoiska.pl/). | Nowy lead z rozszerzenia regionu (2026-09-15). | Maps: https://www.google.com/maps/place/Fotoiska+Izabela+Powro%C5%BAnik/data=!4m7!3m6!1s0x471753656ecf01a3:0x5ff1ed97c0e5bab0!8m2!3d50.9630169!4d19.4650528!16s%2Fg%2F11gyc1ymv_!19sChIJowHPbmVTF0cRsLrlwJft8V8?authuser=0&hl=pl&g_ep=EgoyMDI2MDkwOS4wIJJjKgBIAVAD&rclk=1
Fotograf Ślubny Patryk Woźniak Fotografia,Kleszczów,727930414,Tak,https://patrykwozniak.com/,,,,,,6,Ma własną stronę WWW (https://patrykwozniak.com/). | Nowy lead z rozszerzenia regionu (2026-09-15). | Maps: https://www.google.com/maps/place/Fotograf+%C5%9Alubny+Patryk+Wo%C5%BAniak+Fotografia/data=!4m7!3m6!1s0x471a05dabff9f11b:0xa1019ac8ed7626f6!8m2!3d51.2109093!4d19.3148656!16s%2Fg%2F11fwvmwrm0!19sChIJG_H5v9oFGkcR9iZ27ciaAaE?authuser=0&hl=pl&g_ep=EgoyMDI2MDkwOS4wIJJjKgBIAVAD&rclk=1
Studio Fotograficzne Wiktoria Izabela Adamus,Kleszczów,795413784,Nie,,,,,,,4,"Uzupełniony profil Google (38 opinii, śr. 4.2) — automatycznie nie wykryto Facebooka/Instagrama/Booksy z wizytówki Google (dane ze scrapera, nie zweryfikowano recznie kazdego profilu). | Nowy lead z rozszerzenia regionu (2026-09-15). | Maps: https://www.google.com/maps/place/Studio+Fotograficzne+Wiktoria+Izabela+Adamus/data=!4m7!3m6!1s0x471a05a0992daa05:0x50b7bfecea0c795a!8m2!3d51.2229992!4d19.3050757!16s%2Fg%2F11c5t0873p!19sChIJBaotmaAFGkcRWnkM6uy_t1A?authuser=0&hl=pl&g_ep=EgoyMDI2MDkxMy4wIJJjKgBIAVAD&rclk=1"
Zakład Fotograficzny Foto Video Palutkiewicz,Sulmierzyce,667935112,Nie,,,Tak,,,,4,"Bardzo dobra widoczność: brak własnej strony, ale aktywne social media (Facebook) i 37 opinii Google śr. 4.7 — najlepszy typ leada (dużo ruchu, zero www). | FB: https://www.facebook.com/Foto-Video-Palutkiewicz-1813100592301268/ | Nowy lead z rozszerzenia regionu (2026-09-15). | Maps: https://www.google.com/maps/place/Zak%C5%82ad+Fotograficzny+Foto+Video+Palutkiewicz/data=!4m7!3m6!1s0x471a08c6593c5811:0xff0a8f5f8c29cd04!8m2!3d51.1845134!4d19.1991555!16s%2Fg%2F11fylyt5t4!19sChIJEVg8WcYIGkcRBM0pjF-PCv8?authuser=0&hl=pl&g_ep=EgoyMDI2MDkxMy4wIJJjKgBIAVAD&rclk=1"
Splot i Iskra,Lgota Wielka,607322087,Tak,https://www.splotiskra.pl/,,,,,,6,Ma własną stronę WWW (https://www.splotiskra.pl/). | Nowy lead z rozszerzenia regionu (2026-09-15). | Maps: https://www.google.com/maps/place/Splot+i+Iskra/data=!4m7!3m6!1s0x471a07ca7ee5c6e1:0x54a882950eee6c5!8m2!3d51.1489722!4d19.3190884!16s%2Fg%2F11z804rdsq!19sChIJ4cblfsoHGkcRxebuUCmISgU?authuser=0&hl=pl&g_ep=EgoyMDI2MDkxMy4wIJJjKgBIAVAD&rclk=1
Mateusz Mrzygłód Fotografia,Żaby (gm. Lgota Wielka),723005218,Tak,https://mateuszmrzyglodfotografia.mypixieset.com/,,,,,,6,Ma własną stronę WWW (https://mateuszmrzyglodfotografia.mypixieset.com/). | Nowy lead z rozszerzenia regionu (2026-09-15). | Maps: https://www.google.com/maps/place/Mateusz+Mrzyg%C5%82%C3%B3d+Fotografia/data=!4m7!3m6!1s0x471a035aea7583bd:0xd4bd5818e64a68bd!8m2!3d51.1748542!4d19.4053205!16s%2Fg%2F11jrt8c_j8!19sChIJvYN16loDGkcRvWhK5hhYvdQ?authuser=0&hl=pl&g_ep=EgoyMDI2MDkxMy4wIJJjKgBIAVAD&rclk=1
FOTO KATE FLASH,Suchcice (gm. Drużbice),,Nie,,,,,,,1,"Skąpy profil Google (1 opinii, śr. 5) — nie wykryto automatycznie FB/IG/Booksy z wizytówki Google. | Nowy lead z rozszerzenia regionu (2026-09-15). | Maps: https://www.google.com/maps/place/FOTO+KATE+FLASH/data=!4m7!3m6!1s0x471a2300135b00f5:0xdca3f42671603cc8!8m2!3d51.4291092!4d19.4304515!16s%2Fg%2F11y74q1kkq!19sChIJ9QBbEwAjGkcRyDxgcSb0o9w?authuser=0&hl=pl&g_ep=EgoyMDI2MDkwOS4wIJJjKgBIAVAD&rclk=1"
Kinga Wlazło Fotografia,Drużbice (okolice),453437878,Nie,,,Tak,,,,3,"Uzupełniony profil Google (1 opinii, śr. 5) + obecność w social media (Facebook), ale niewielka skala (mało opinii/obserwujących) — brak własnej strony. | FB(raw): https://www.facebook.com/share/1BXowofA3B/?mibextid=wwXIfr | Nowy lead z rozszerzenia regionu (2026-09-15). | Maps: https://www.google.com/maps/place/Kinga+Wlaz%C5%82o+Fotografia/data=!4m7!3m6!1s0xafb7bcee9363cba3:0x9cf83e9b77438078!8m2!3d51.618644!4d19.3668898!16s%2Fg%2F11zcsxp4bk!19sChIJo8tjk-68t68ReIBDd5s--Jw?authuser=0&hl=pl&g_ep=EgoyMDI2MDkwOS4wIJJjKgBIAVAD&rclk=1"
Foto Klaudia Łuczak,Kiełczygłów,535573142,Nie,,,,,,,4,"Uzupełniony profil Google (28 opinii, śr. 5) — automatycznie nie wykryto Facebooka/Instagrama/Booksy z wizytówki Google (dane ze scrapera, nie zweryfikowano recznie kazdego profilu). | Nowy lead z rozszerzenia regionu (2026-09-15). | Maps: https://www.google.com/maps/place/Foto+Klaudia+%C5%81uczak/data=!4m7!3m6!1s0x275fddc78e8221ed:0x7628a9682f3285d!8m2!3d51.2381542!4d18.990013!16s%2Fg%2F11vx6nvcxy!19sChIJ7SGCjsfdXycRXSjzgpaKYgc?authuser=0&hl=pl&g_ep=EgoyMDI2MDkwOS4wIJJjKgBIAVAD&rclk=1"
Fotograf Marcin Drechna,Piotrków Trybunalski,604236882,Tak,http://www.marcindrechna.com/,,,,,,6,Ma własną stronę WWW (http://www.marcindrechna.com/). | Nowy lead z rozszerzenia regionu (2026-09-15). | Maps: https://www.google.com/maps/place/Fotograf+Marcin+Drechna/data=!4m7!3m6!1s0x813dc596543c477:0xabb4f1cd96ce0879!8m2!3d51.618644!4d19.3668898!16s%2Fg%2F11r_n1vthl!19sChIJd8RDZVncEwgReQjOls3xtKs?authuser=0&hl=pl&g_ep=EgoyMDI2MDkwOS4wIJJjKgBIAVAD&rclk=1
"Fotografia Produktowa - Zdjęcia Produktowe, Packshoty.",Tuszyn,501225092,Tak,https://efotolibera.pl/,,,,,,6,"Ma własną stronę WWW (https://efotolibera.pl/). | Nowy lead z rozszerzenia regionu (2026-09-15). | Maps: https://www.google.com/maps/place/Fotografia+Produktowa+-+Zdj%C4%99cia+Produktowe,+Packshoty./data=!4m7!3m6!1s0x471a31f090dc75ab:0x605595afdbe7341e!8m2!3d51.6048919!4d19.5317935!16s%2Fg%2F11g0zpdm52!19sChIJq3XckPAxGkcRHjTn26-VVWA?authuser=0&hl=pl&g_ep=EgoyMDI2MDkwOS4wIJJjKgBIAVAD&rclk=1"
Foto Perspektywa,Radomsko (okolice),507020620,Nie,,Tak,,,,,3,"Uzupełniony profil Google (5 opinii, śr. 5) + obecność w social media (Instagram), ale niewielka skala (mało opinii/obserwujących) — brak własnej strony. | IG(raw): https://www.instagram.com/foto_perspektywa_ | Nowy lead z rozszerzenia regionu (2026-09-15). | Maps: https://www.google.com/maps/place/Foto+Perspektywa/data=!4m7!3m6!1s0xd27f9ab72b2273f:0x7e19bcfcddff886!8m2!3d51.618644!4d19.3668898!16s%2Fg%2F11w4dz_q2b!19sChIJPyeycqv5Jw0Rhvjfzc-b4Qc?authuser=0&hl=pl&g_ep=EgoyMDI2MDkwOS4wIJJjKgBIAVAD&rclk=1"
Stoptime Anna Kopiecka,Rzejowice (gm. Kodrąb),691245177,Nie,,,Tak,,,,3,"Uzupełniony profil Google (0 opinii, śr. 4.7) + obecność w social media (Facebook), ale niewielka skala (mało opinii/obserwujących) — brak własnej strony. | FB(raw): https://www.facebook.com/annakopiecka.stoptime/ | Nowy lead z rozszerzenia regionu (2026-09-15). | Maps: https://www.google.com/maps/place/Stoptime+Anna+Kopiecka/data=!4m7!3m6!1s0x4719fda8f26832db:0x223b46f2a5d82a46!8m2!3d51.0872898!4d19.6933474!16s%2Fg%2F11s8wfw_7l!19sChIJ2zJo8qj9GUcRRirYpfJGOyI?authuser=0&hl=pl&g_ep=EgoyMDI2MDkxMy4wIJJjKgBIAVAD&rclk=1"
FOTO-BERSKI,Żytno,662911718,Tak,http://foto-berski.pl/,,,,,,6,Ma własną stronę WWW (http://foto-berski.pl/). | Nowy lead z rozszerzenia regionu (2026-09-15). | Maps: https://www.google.com/maps/place/FOTO-BERSKI/data=!4m7!3m6!1s0x47175a361e9494d1:0x9d15a2224c0c4a4c!8m2!3d50.927639!4d19.6154!16s%2Fg%2F1tfbm18r!19sChIJ0ZSUHjZaF0cRTEoMTCKiFZ0?authuser=0&hl=pl&g_ep=EgoyMDI2MDkxMy4wIJJjKgBIAVAD&rclk=1
Foto Inspiracja Anna Machalska,Czerniewice,726337138,Nie,,,,,,,1,"Skąpy profil Google (1 opinii, śr. 5) — nie wykryto automatycznie FB/IG/Booksy z wizytówki Google. | Nowy lead z rozszerzenia regionu (2026-09-15). | Maps: https://www.google.com/maps/place/Foto+Inspiracja+Anna+Machalska/data=!4m7!3m6!1s0xdd67b86e097d9a1:0xc0b71d09129215cd!8m2!3d51.6590827!4d20.1663523!16s%2Fg%2F11krmnk574!19sChIJodmX4IZ71g0RzRWSEgkdt8A?authuser=0&hl=pl&g_ep=EgoyMDI2MDkwOS4wIJJjKgBIAVAD&rclk=1"
"Foto-Spektrum. Zakład fotograficzny, fotografia do dokumentów",Tuszyn,531596462,Nie,,,,,,,2,"Skąpy profil Google (5 opinii, śr. 4.6) — nie wykryto automatycznie FB/IG/Booksy z wizytówki Google. | Nowy lead z rozszerzenia regionu (dodatkowe frazy wyszukiwania, 2026-09-15). | Maps: https://www.google.com/maps/place/Foto-Spektrum.+Zak%C5%82ad+fotograficzny,+fotografia+do+dokument%C3%B3w/data=!4m7!3m6!1s0x471a2fd9323b8e2d:0x13ca82242ab59bb0!8m2!3d51.602174!4d19.545515!16s%2Fg%2F1pt_kjclt!19sChIJLY47MtkvGkcRsJu1KiSCyhM?authuser=0&hl=pl&g_ep=EgoyMDI2MDkwOS4wIJJjKgBIAVAD&rclk=1"
Foto-Halina | Zakład Fotograficzny,Tuszyn,426143105,Nie,,,,,,,2,"Skąpy profil Google (6 opinii, śr. 5) — nie wykryto automatycznie FB/IG/Booksy z wizytówki Google. | Nowy lead z rozszerzenia regionu (dodatkowe frazy wyszukiwania, 2026-09-15). | Maps: https://www.google.com/maps/place/Foto-Halina+%7C+Zak%C5%82ad+Fotograficzny/data=!4m7!3m6!1s0x471a2fd8e082e49d:0xe223a45b8786d020!8m2!3d51.6022179!4d19.5432157!16s%2Fg%2F1tsr1ym8!19sChIJneSC4NgvGkcRINCGh1ukI-I?authuser=0&hl=pl&g_ep=EgoyMDI2MDkwOS4wIJJjKgBIAVAD&rclk=1"
Studio Tarnowski Video&Foto,Radomsko (okolice),606189954,Nie,,,,,,,3,"Uzupełniony profil Google (11 opinii, śr. 5), zdjęcia — ale brak Facebooka, Instagrama i Booksy (zweryfikowano). | Nowy lead z rozszerzenia regionu (dodatkowe frazy wyszukiwania, 2026-09-15). | Maps: https://www.google.com/maps/place/Studio+Tarnowski+Video%26Foto/data=!4m7!3m6!1s0x959182f72912c29:0x39e1b769b13bf788!8m2!3d51.0938321!4d19.4108074!16s%2Fg%2F11vr9y2d1v!19sChIJKSyRci8YWQkRiPc7sWm34Tk?authuser=0&hl=pl&g_ep=EgoyMDI2MDkwOS4wIJJjKgBIAVAD&rclk=1"
Studio Wizjer Fotografia i Film Edyta Juszczyk,"Kłomnice (gm. Kłomnice, okolice Radomska/Gidli)",603590994,Nie,,,Tak,,,,4,"Bardzo dobra widoczność: brak własnej strony, ale aktywne social media (Facebook) i 37 opinii Google śr. 4.5 — najlepszy typ leada (dużo ruchu, zero www). | FB: https://www.facebook.com/studiowizjer.klomnice/ | Nowy lead z rozszerzenia regionu (dodatkowe frazy wyszukiwania, 2026-09-15). | Maps: https://www.google.com/maps/place/Studio+Wizjer+Fotografia+i+Film+Edyta+Juszczyk/data=!4m7!3m6!1s0x4717529a81d1f22f:0x64ad1eeea7989064!8m2!3d50.925643!4d19.3635399!16s%2Fg%2F1tf8rvjq!19sChIJL_LRgZpSF0cRZJCYp-4erWQ?authuser=0&hl=pl&g_ep=EgoyMDI2MDkwOS4wIJJjKgBIAVAD&rclk=1"
Qubik Visuals Fotografia i Produkcja filmów,Radomsko (okolice),661282736,Nie,,Tak,,,,,4,"Bardzo dobra widoczność: brak własnej strony, ale aktywne social media (Instagram) i 13 opinii Google śr. 5 — najlepszy typ leada (dużo ruchu, zero www). | IG: https://www.instagram.com/qubik_wideofilmowanie/ | Nowy lead z rozszerzenia regionu (dodatkowe frazy wyszukiwania, 2026-09-15). | Maps: https://www.google.com/maps/place/Qubik+Visuals+Fotografia+i+Produkcja+film%C3%B3w/data=!4m7!3m6!1s0x85db1a553e46aef9:0x4250b054755f3cff!8m2!3d51.071194!4d19.4427802!16s%2Fg%2F11txlkggz0!19sChIJ-a5GPlUa24UR_zxfdVSwUEI?authuser=0&hl=pl&g_ep=EgoyMDI2MDkwOS4wIJJjKgBIAVAD&rclk=1"
Prze-Cięcie,Radomsko,531371447,Nie,,,Tak,,,,3,"Uzupełniony profil Google (2 opinii, śr. 5) + obecność w social media (Facebook), ale niewielka skala (mało opinii/obserwujących) — brak własnej strony. | FB(raw): https://www.facebook.com/profile.php?id=100057770486112 | Nowy lead z rozszerzenia regionu (dodatkowe frazy wyszukiwania, 2026-09-15). | Maps: https://www.google.com/maps/place/Prze-Ci%C4%99cie/data=!4m7!3m6!1s0x4719ffb09b866017:0x48f2ebf1134d91aa!8m2!3d51.1042499!4d19.4728803!16s%2Fg%2F11tg51_08p!19sChIJF2CGm7D_GUcRqpFNE_Hr8kg?authuser=0&hl=pl&g_ep=EgoyMDI2MDkwOS4wIJJjKgBIAVAD&rclk=1"
Fotograf - Radosław Kocięba Photography,Będków (okolice),,Nie,,,Tak,,,,4,"Bardzo dobra widoczność: brak własnej strony, ale aktywne social media (Facebook) i 12 opinii Google śr. 5 — najlepszy typ leada (dużo ruchu, zero www). | FB: https://www.facebook.com/profile.php?id=100086238151139 | Uwaga: brak numeru telefonu w wizytówce Google — do ustalenia przed kontaktem. | Nowy lead z rozszerzenia regionu (dodatkowe frazy wyszukiwania, 2026-09-15). | Maps: https://www.google.com/maps/place/Fotograf+-+Rados%C5%82aw+Koci%C4%99ba+Photography/data=!4m7!3m6!1s0x420d0a9e90fb5b01:0x2f5f9df674cd4a5c!8m2!3d51.6547445!4d19.8056366!16s%2Fg%2F11whtkhh98!19sChIJAVv7kJ4KDUIRXErNdPadXy8?authuser=0&hl=pl&g_ep=EgoyMDI2MDkwOS4wIJJjKgBIAVAD&rclk=1"
Fotografia Patrycja Kucharska,Bełchatów,730010042,Nie,,Tak,Tak,,,,5,"Bardzo dobra widoczność: brak własnej strony, ale aktywne social media (Facebook + Instagram) i 60 opinii Google śr. 5 — najlepszy typ leada (dużo ruchu, zero www). | FB: https://www.facebook.com/fotografiapatrycjakucharska/ | IG: https://www.instagram.com/fotografia_patrycjakucharska/ | Uwaga: w internecie widnieje domena https://kucharskapatrycja.pl/ (domena nie odpowiada / DNS nie działa - sprawdzone curl) — realnie brak działającej strony. | Nowy lead z rozszerzenia regionu (dodatkowe frazy wyszukiwania, 2026-09-15). | Maps: https://www.google.com/maps/place/Fotografia+Patrycja+Kucharska/data=!4m7!3m6!1s0x471a0b99b3a76345:0xc445f41f18849062!8m2!3d51.3675234!4d19.3737725!16s%2Fg%2F11pt_3pz8f!19sChIJRWOns5kLGkcRYpCEGB_0RcQ?authuser=0&hl=pl&g_ep=EgoyMDI2MDkwOS4wIJJjKgBIAVAD&rclk=1"
Bartłomiej Chmielewski Fotografia,Bełchatów,781106403,Nie,,,,,,,1,"Skąpy profil Google (brak opinii) — nie wykryto automatycznie FB/IG/Booksy z wizytówki Google. | Nowy lead z rozszerzenia regionu (dodatkowe frazy wyszukiwania, 2026-09-15). | Maps: https://www.google.com/maps/place/Bart%C5%82omiej+Chmielewski+Fotografia/data=!4m7!3m6!1s0x471a17fdc6434a0f:0x21884add98a1327e!8m2!3d51.3540001!4d19.3562999!16s%2Fg%2F11rfc6lw48!19sChIJD0pDxv0XGkcRfjKhmN1KiCE?authuser=0&hl=pl&g_ep=EgoyMDI2MDkwOS4wIJJjKgBIAVAD&rclk=1"
Paulina Kotas Fotografia,"Krzyżanów (gm. Wola Krzysztoporska, okolice Bełchatowa)",576685749,Nie,,Tak,Tak,,,,5,"Bardzo dobra widoczność: brak własnej strony, ale aktywne social media (Facebook + Instagram) i 57 opinii Google śr. 5 — najlepszy typ leada (dużo ruchu, zero www). | FB: https://www.facebook.com/p/Paulina-Kotas-Fotografia-100063511065266/ | IG: https://www.instagram.com/paulinakotasfotografia/ | Nowy lead z rozszerzenia regionu (dodatkowe frazy wyszukiwania, 2026-09-15). | Maps: https://www.google.com/maps/place/Paulina+Kotas+Fotografia/data=!4m7!3m6!1s0x4719f5b1011d57ad:0x238c2e078d253afc!8m2!3d51.3508949!4d19.6378985!16s%2Fg%2F11kqlfdksh!19sChIJrVcdAbH1GUcR_DoljQcujCM?authuser=0&hl=pl&g_ep=EgoyMDI2MDkwOS4wIJJjKgBIAVAD&rclk=1"
Kamil O. Fotografia,Piotrków Trybunalski,725379430,Nie,,,,,,,1,"Skąpy profil Google (brak opinii) — nie wykryto automatycznie FB/IG/Booksy z wizytówki Google. | Nowy lead z rozszerzenia regionu (dodatkowe frazy wyszukiwania, 2026-09-15). | Maps: https://www.google.com/maps/place/Kamil+O.+Fotografia/data=!4m7!3m6!1s0x47198bcf9b969f5f:0xc46ee7697bf567be!8m2!3d51.4550384!4d19.7055708!16s%2Fg%2F11zfbb_392!19sChIJX5-Wm8-LGUcRvmf1e2nnbsQ?authuser=0&hl=pl&g_ep=EgoyMDI2MDkxMy4wIJJjKgBIAVAD&rclk=1"
Asfi's Shots,Piotrków Trybunalski,,Nie,,,Tak,,,,4,"Bardzo dobra widoczność: brak własnej strony, ale aktywne social media (Facebook) i 12 opinii Google śr. 5 — najlepszy typ leada (dużo ruchu, zero www). | FB: https://www.facebook.com/AsfisSHOTS | Uwaga: brak numeru telefonu w wizytówce Google — do ustalenia przed kontaktem. | Nowy lead z rozszerzenia regionu (dodatkowe frazy wyszukiwania, 2026-09-15). | Maps: https://www.google.com/maps/place/Asfi%27s+Shots/data=!4m7!3m6!1s0x47198b136e7efbbf:0x4129c8d26e44021a!8m2!3d51.4049295!4d19.7433601!16s%2Fg%2F11hs3x01b3!19sChIJv_t-bhOLGUcRGgJEbtLIKUE?authuser=0&hl=pl&g_ep=EgoyMDI2MDkxMy4wIJJjKgBIAVAD&rclk=1"
Michiografia Michał Pęczak,Piotrków Trybunalski,501577003,Nie,,,Tak,,,,3,"Uzupełniony profil Google (2 opinii, śr. 5) + obecność w social media (Facebook), ale niewielka skala (mało opinii/obserwujących) — brak własnej strony. | FB(raw): https://www.facebook.com/michiografia/ | Nowy lead z rozszerzenia regionu (dodatkowe frazy wyszukiwania, 2026-09-15). | Maps: https://www.google.com/maps/place/Michiografia+Micha%C5%82+P%C4%99czak/data=!4m7!3m6!1s0x471a21fcdb23c99d:0x41461f08a6cfe89!8m2!3d51.4117769!4d19.663661!16s%2Fg%2F11gy9x0wxk!19sChIJnckj2_whGkcRif5sivBhFAQ?authuser=0&hl=pl&g_ep=EgoyMDI2MDkxMy4wIJJjKgBIAVAD&rclk=1"
Fotografia Ewelina Rutowicz,"Spała (gm. Inowłódz, okolice Tomaszowa Maz.)",782305581,Nie,,,,,,,2,"Skąpy profil Google (5 opinii, śr. 5) — nie wykryto automatycznie FB/IG/Booksy z wizytówki Google. | Nowy lead z rozszerzenia regionu (dodatkowe frazy wyszukiwania, 2026-09-15). | Maps: https://www.google.com/maps/place/Fotografia+Ewelina+Rutowicz/data=!4m7!3m6!1s0x4719977068d120fb:0x9e18a4dd33c084b8!8m2!3d51.4541675!4d20.1600816!16s%2Fg%2F11zfv08zt6!19sChIJ-yDRaHCXGUcRuITAM92kGJ4?authuser=0&hl=pl&g_ep=EgoyMDI2MDkwOS4wIJJjKgBIAVAD&rclk=1"
Fotografia Jarosław Kukiełka,Piotrków Trybunalski,505960753,Nie,,,,,,,2,"Skąpy profil Google (9 opinii, śr. 5) — nie wykryto automatycznie FB/IG/Booksy z wizytówki Google. | Nowy lead z rozszerzenia regionu (dodatkowe frazy wyszukiwania, 2026-09-15). | Maps: https://www.google.com/maps/place/Fotografia+Jaros%C5%82aw+Kukie%C5%82ka/data=!4m7!3m6!1s0x47198bc19d229b25:0x236817eea4c744b5!8m2!3d51.4119803!4d19.7099561!16s%2Fg%2F11fl8my2db!19sChIJJZsincGLGUcRtUTHpO4XaCM?authuser=0&hl=pl&g_ep=EgoyMDI2MDkwOS4wIJJjKgBIAVAD&rclk=1"
