Nisza,Nazwa firmy,Miasto,Telefon,Jakość biznesu (1-5),Czy mają stronę?,Odebrał?,Zainteresowany?,Kto dzwonił,Reminder,Kiedy dzwonić,Termin Google Meet (w),Notatki
Kosmetyczka,Kosmetologia Małgorzata Dolot SLOW AGING,Bełchatów,669766469,4,Nie,,,,,,,"brak www, aktywny FB, 20 opinii 5.0 - dzwonic pierwsi"
Kosmetyczka,Projekt WO!man Kosmetologia Estetyczna,Bełchatów,667555115,5,Tak,,,,,,,"ma wlasna strone www, 197 opinii 5.0"
Kosmetyczka,"Instytut Zdrowia i Urody YASUMI kosmetologia, masaże i SPA Bełchatów",Bełchatów,798214240,5,Tak,,,,,,,"ma wlasna strone www (siec YASUMI), 45 opinii 4.8"
Kosmetyczka,Studio Urody - The Beauty Space - Salon Kosmetyczny,Bełchatów,504307817,4,Nie,,,,,,,"domena beautyspace.pl zaparkowana (brak realnej strony), aktywny FB, 39 opinii 4.7 - dobry lead"
Kosmetyczka,Perfect look clinic Bełchatów,Bełchatów,730130112,5,Tak,,,,,,,"ma wlasna strone www, 25 opinii 4.8"
Kosmetyczka,Studio Urody Agnieszka Chojecka,Bełchatów,501384330,5,Tak,,,,,,,"ma wlasna strone www, 43 opinie 4.6"
Kosmetyczka,"Veritas Derm. Kosmetologia Estetyczna. Depilacja laserowa, oczyszczanie wodorowe. Dermapen",Bełchatów,888634033,5,Tak,,,,,,,"ma wlasna strone www + FB/IG/Booksy, 58 opinii 5.0"
Kosmetyczka,La Femme Gabinet Kosmetyczny Justyna Iskra,Bełchatów,667213872,4,Nie,,,,,,,"brak www, aktywny Instagram, 37 opinii 4.8 - dobry lead"
Kosmetyczka,Studio VIVIEN Dorota Tóth,Bełchatów,609447652,5,Tak,,,,,,,"ma wlasna strone www, 58 opinii 4.7"
Kosmetyczka,Lilari Kosmetologia Rozpara Bełchatów,Bełchatów,570385900,4,Nie,,,,,,,"brak www, aktywne FB+IG (356 obserw.), 29 opinii 4.9 - dobry lead"
Kosmetyczka,Salon Kosmetyczny Magnolia,Bełchatów,509106309,4,Nie,,,,,,,"brak www, bardzo aktywny FB (1376 polubien), 10 opinii 4.9 - dobry lead"
Kosmetyczka,Medicus Salon fryzjersko - kosmetyczny,Bełchatów,446331221,4,Nie,,,,,,,"brak www, aktywny FB, 40 opinii 4.7 - dobry lead"
Kosmetyczka,Studio47 Kamila Rudzka,Bełchatów,668971133,4,Nie,,,,,,,"brak www, aktywny FB, 15 opinii 4.7"
Kosmetyczka,"Pro Harmonia - salon kosmetyczny, SPA",Bełchatów,690626492,5,Tak,,,,,,,"ma wlasna strone www, 31 opinii 4.5"
Kosmetyczka,Opium Esencja Piękna Bełchatów,Bełchatów,797755052,4,Nie,,,,,,,"brak www, bardzo aktywny FB+IG (regularne posty), 16 opinii 4.3"
Kosmetyczka,Coco-art Studio Paznokcia & Gabinet Kosmetyczny Chrzanowska Małgorzata,Bełchatów,503653545,3,Nie,,,,,,,"brak www, ma FB ale niska aktywnosc (4 opinie 5.0)"
Kosmetyczka,Pretty Woman by Wiola Wolicka,Bełchatów,792539053,4,Nie,,,,,,,"brak www, aktywny FB, 30 opinii 4.9 - dobry lead"
Kosmetyczka,Eve Nails Gabinet Kosmetyczny Ewelina Gwozdzik,Bełchatów,605299983,4,Nie,,,,,,,"brak www, aktywny FB, 17 opinii 5.0"
Kosmetyczka,ELIXIR KLINIKA KOSMETOLOGII,Bełchatów,693427962,3,Nie,,,,,,,"brak www, ma FB, umiarkowana aktywnosc (13 opinii 4.8)"
Kosmetyczka,Justyna Pawlak Kosmetolog,Bełchatów,516751624,3,Nie,,,,,,,"brak www, ma FB, umiarkowana aktywnosc (14 opinii 5.0)"
Kosmetyczka,Prestiż. Salon Kosmetyczny. Makara A.,Bełchatów,692426887,5,Tak,,,,,,,"ma wlasna strone www + FB/IG, 8 opinii 4.4"
Kosmetyczka,Juliett Beauty Room,Bełchatów,732701331,4,Nie,,,,,,,"brak www, aktywny Instagram, 15 opinii 5.0"
Kosmetyczka,Studio Urody Marta Góralska,Bełchatów,502504128,3,Nie,,,,,,,"brak www, ma FB (760 polubien) ale tylko 2 opinie Google"
Kosmetyczka,Gabinet Urody SZAFIR,Bełchatów,501309306,5,Tak,,,,,,,"ma wlasna strone www, 21 opinii 4.4"
Kosmetyczka,BOSCO BEAUTY Katarzyna Kępa,Bełchatów,690970088,5,Tak,,,,,,,"ma wlasna strone www + FB/IG/Booksy, 10 opinii 4.6"
Kosmetyczka,Studio Urody Sacrum Magdalena Puźniak,Bełchatów,506906600,5,Tak,,,,,,,"ma wlasna strone www, 5 opinii 5.0"
Kosmetyczka,Harmonia gabinet podologiczno – kosmetyczny,Bełchatów,605611680,5,Tak,,,,,,,"ma wlasna strone www + FB/IG, 41 opinii 5.0"
Kosmetyczka,Studio Paznokci Infinity,Bełchatów,796555655,3,Nie,,,,,,,"brak www, ma FB, niska aktywnosc (7 opinii 4.6)"
Kosmetyczka,Sandersonia,Bełchatów,793220024,5,Tak,,,,,,,"ma wlasna strone www + FB/IG, 34 opinie 5.0"
Kosmetyczka,Aleja Urody Ewa Głowacka Bełchatów,Bełchatów,666022122,2,Nie,,,,,,,"brak www i brak potwierdzonych social mediow, tylko 3 opinie Google"
Kosmetyczka,Fajne Pazury Joanna Ocińska,Bełchatów,733511929,4,Booksy,,,,,,,"brak www, rezerwacje przez Booksy, 3 opinie 5.0"
Kosmetyczka,ODNOVA,Bełchatów,607918116,4,Nie,,,,,,,"brak www, aktywny FB, az 54 opinie 4.8 - bardzo dobry lead"
Kosmetyczka,KONTUROVNIA,Bełchatów,503687944,5,Tak,,,,,,,"ma wlasna strone www, 25 opinii 5.0"
Kosmetyczka,Gabinet Kosmetyczny C.D. Beauty Time,Bełchatów,509861490,3,Nie,,,,,,,"brak www, ma FB, niska aktywnosc (2 opinie 3.0)"
Kosmetyczka,Bodyspa,Bełchatów,887343338,5,Tak,,,,,,,"ma wlasna strone www, 78 opinii 4.9"
Kosmetyczka,"Mari Studio Marieta Kieraś- Piercing, Laminacja Brwi i Rzęs Bełchatów",Bełchatów,798541866,4,Booksy,,,,,,,"brak www, rezerwacje przez Booksy, 7 opinii 5.0"
Kosmetyczka,LIN-a-LIN Karolina Lewińska,Bełchatów,794109563,4,Nie,,,,,,,"brak www, aktywny FB, 44 opinie 5.0"
Kosmetyczka,Gabinet kosmetyczny - Anna Piotrowska,Bełchatów,505508951,3,Nie,,,,,,,"brak www, ma FB, niska aktywnosc (5 opinii 4.2)"
Kosmetyczka,ZŁOTE LUSTRO Agnieszka Jańczyk,Bełchatów,784107446,5,Tak,,,,,,,"ma wlasna strone www + FB/IG/Booksy, 8 opinii 5.0"
Kosmetyczka,Salon Kosmetyczny Inspiracja,Bełchatów,697845013,3,Nie,,,,,,,"brak wlasnej www (link to katalog godzin otwarcia), ma FB, telefon uzupelniony z zewnetrznego zrodla"
Kosmetyczka,TANZANITO Klinika Piekna,Bełchatów,507288816,3,Nie,,,,,,,"brak www, ma FB, niska aktywnosc (6 opinii 5.0), telefon uzupelniony z zewnetrznego zrodla"
Kosmetyczka,Salon Urody BeLady Magdalena Wąsik,Bełchatów,780715163,3,Nie,,,,,,,"brak www, ma FB, bardzo mało opinii (1, 5.0)"
Kosmetyczka,Holistic Laser Magdalena Zielińska,Bełchatów,690417376,5,Tak,,,,,,,"ma wlasna strone www + FB, 14 opinii 5.0"
Kosmetyczka,SOWA GABINET KOSMETYCZNY,Kamieńsk,727919711,5,Tak,,,,,,,"ma własną stronę www (sowagabinet.pl) + aktywny FB i IG, brak Booksy — najmocniejsza obecność online w grupie"
Kosmetyczka,Katarzyna Rojczyk Usługi Kosmetyczne,Kamieńsk,731300190,2,Nie,,,,,,,"uzupełniony profil Google (3 opinie, 5.0), brak FB/IG/Booksy i własnej strony; telefon dociągnięty z gabinetkosmetyka.pl (Maps nie podał numeru)"
Kosmetyczka,Pasją Malowane Joanna Kułak,Barczkowice,501306587,3,Nie,,,,,,,"brak www, ma aktywny profil FB (mobilna stylizacja paznokci; wg wyszukiwania podobny profil ma ok. 2 tys polubień), brak liczby opinii Google w danych z Maps"
Kosmetyczka,Strefa Urody Gorzędów,Gorzędów,669010950,3,Nie,,,,,,,"uzupełniony profil Google (7 opinii, 5.0) + aktywny FB, brak www i potwierdzonego IG/Booksy"
Kosmetyczka,Salon kosmetyczny Kącik Urody,Opoczno,794995941,5,Tak,,,,,,,"ma własną stronę www + bardzo aktywny FB (4,3 tys polubień) i IG (1,7 tys obserwujących), 93 opinie 4.8 — najmocniejsza obecność online w grupie"
Kosmetyczka,Salon Urody Bellis & SPA Opoczno,Opoczno,609290956,5,Tak,,,,,,,"ma własną stronę www + FB/IG, 54 opinie 4.7"
Kosmetyczka,Madame,Opoczno,667013011,3,Booksy,,,,,,,"brak www, nie potwierdzono dedykowanego FB/IG, ale bardzo aktywny Booksy (244 opinie 4.9) i uzupełniony profil Google, 38 opinii 4.8"
Kosmetyczka,"Studio ""Strefa Piękna""",Opoczno,663558482,4,Nie,,,,,,,"brak www, aktywny FB + IG (681 obserwujących), 34 opinie 4.9"
Kosmetyczka,Salon Kosmetyczny GLOW Opoczno,Opoczno,733595175,4,Nie,,,,,,,"brak www, aktywny FB (2,5 tys polubień, prowadzony pod nazwiskiem Pauliny Chmielewskiej) + IG (1,5 tys obserwujących), 26 opinii 5.0"
Kosmetyczka,ISABELLA Beauty Studio,Opoczno,726863470,5,Tak,,,,,,,"ma własną (prostą, zrobioną na Canva) stronę www + FB/IG/Booksy, 43 opinie 5.0"
Kosmetyczka,Metamorfoza Studio Urody Wiktoria Angelika Zdybał,Opoczno,666502520,3,Nie,,,,,,,"brak www, potwierdzony FB, nie udało się jednoznacznie potwierdzić dedykowanego IG, 18 opinii 4.8"
Kosmetyczka,Gabinet Kosmetyczny ODNOWA,Opoczno,531631494,4,Nie,,,,,,,"brak www, bardzo aktywny FB (2,3 tys polubień) + IG, 10 opinii 4.6"
Kosmetyczka,Proxima Dominika Lenart-Śmigiel,Opoczno,531383119,3,Nie,,,,,,,"brak www, prawdopodobny FB pod nazwą Atelier (ta sama właścicielka), IG nie potwierdzony jednoznacznie, 22 opinie 5.0"
Kosmetyczka,Si Kosmetologia Joanna Poddębniak,Opoczno,574521198,4,Nie,,,,,,,"brak www, aktywny FB (1,2 tys polubień) + IG (685 obserwujących), 21 opinii 5.0"
Kosmetyczka,STUDIO IMPRESJA,Opoczno,502946786,4,Nie,,,,,,,"brak www, aktywny FB + IG (1,1 tys obserwujących), 11 opinii 4.6"
Kosmetyczka,"Studio Urody ""Cleo""",Opoczno,795791230,3,Nie,,,,,,,"brak www, aktywny FB (588 polubień), dedykowany IG dla oddziału w Opocznie nie potwierdzony (istnieje inny oddział Cleo w Krakowie), 13 opinii 5.0"
Kosmetyczka,Studio Venus,Opoczno,661706212,4,Nie,,,,,,,"brak potwierdzonej własnej www (domena studiovenus.pl znaleziona w wyszukiwaniu nie potwierdza adresu w Opocznie), aktywny FB (2,8 tys polubień) + IG, 54 opinie 3.9 — najniższa ocena w grupie"
Kosmetyczka,Angel Studio Urody,Opoczno,695309348,4,Nie,,,,,,,"brak www, aktywny FB + IG (1,8 tys obserwujących), 75 opinii 4.8 — mocny lead; Google Maps błędnie podaje miasto Honoratów, potwierdzony adres to ul. Piotrkowska 49, Opoczno"
Kosmetyczka,Opocznianka Salon Urody Amanda Sowińska,Opoczno,512042055,2,Nie,,,,,,,"uzupełniony profil Google, ale tylko 2 opinie, nie udało się jednoznacznie potwierdzić dedykowanego FB/IG"
Kosmetyczka,Salon kosmetyczny Naomi Makijaż permanentny,Opoczno,512457225,3,Nie,,,,,,,"brak www, potwierdzony FB, IG nie potwierdzony, tylko 5 opinii 4.2"
Kosmetyczka,"Salon Kosmetyczny ""Heaven""",Opoczno,785326897,4,Nie,,,,,,,"brak własnej www (link z Google Maps to wpis w katalogu beautynailhairsalons.com, nie własna strona), bardzo aktywny FB (1,3 tys polubień), tylko 6 opinii w Google 3.5; telefon uzupełniony ręcznie z wyszukiwania (Maps nie podał numeru)"
Kosmetyczka,Salon kosmetyczny Beauty Woman. Agnieszka Rogulska,Opoczno,605423063,3,Nie,,,,,,,"brak www, prawdopodobny FB (stylistka paznokci od 2016, ta sama okolica), dopasowanie niepewne, 7 opinii 4.4"
Kosmetyczka,ManiFik KATARZYNA PAWELCZYK,Opoczno,798120973,4,Booksy,,,,,,,"brak www, bardzo aktywny FB (2,7 tys polubień) + IG (1,2 tys obserwujących) + Booksy, tylko 5 opinii Google, ale mocna obecność social — dobry lead"
Kosmetyczka,EmiNova Emilia Marciszewska,Opoczno,505056166,3,Nie,,,,,,,"brak www, potwierdzony FB, Google Maps nie pokazał liczby opinii/oceny dla tej wizytówki — do sprawdzenia ręcznie"
Kosmetyczka,Patent na Pazur,Opoczno,575689972,3,Nie,,,,,,,"brak www, aktywny FB, dedykowany IG nie znaleziony, 13 opinii 5.0"
Kosmetyczka,Opalanie Natryskowe Opoczno,Opoczno,667701133,4,Nie,,,,,,,"brak www, aktywny FB + IG (1,8 tys obserwujących), 18 opinii 5.0"
Kosmetyczka,MAKEUP ROOM by Kinga Rudolf,Opoczno,515781641,2,Nie,,,,,,,"uzupełniony profil Google (3 opinie 5.0), nie znaleziono dedykowanego FB/IG"
Kosmetyczka,Salon Kosmetyczny Madam Monika Barańska Masaże & Spa,Piotrków Trybunalski,513804886,5,Tak,,,,,,,"Ma własną stronę (saloner.pl), aktywny FB/IG, 880 opinii 5.0 – bardzo mocny profil."
Kosmetyczka,Kosmetyka & Podologia Madeline,Piotrków Trybunalski,606406027,5,Tak,,,,,,,"Własna strona, aktywne FB/IG/Booksy, 475 opinii 5.0."
Kosmetyczka,Opalanie Natryskowe by Daga Piotrków Tryb,Piotrków Trybunalski,790740375,5,Tak,,,,,,,"Własna strona (też szkolenia), aktywne FB+IG, 249 opinii 5.0."
Kosmetyczka,Ateba. Centrum odnowy biologicznej,Piotrków Trybunalski,446496610,5,Tak,,,,,,,"Ma własną stronę ateba.pl (nie było w Google Maps), aktywny FB, 160 opinii 4.5."
Kosmetyczka,Lady Nova,Piotrków Trybunalski,516408100,5,Tak,,,,,,,"Własna strona, aktywne FB+IG (664 obserwujących), 118 opinii 5.0."
Kosmetyczka,Gabinet kosmetyczny YASUMI masaże i SPA Piotrków Trybunalski,Piotrków Trybunalski,609121199,5,Tak,,,,,,,"Sieciowy salon z własną stroną, pełne social+Booksy, 107 opinii 4.5."
Kosmetyczka,Projekt WO!man Kosmetologia Estetyczna,Piotrków Trybunalski,663555021,5,Tak,,,,,,,"Własna strona + aktywne FB/IG/Booksy, 83 opinie 4.9."
Kosmetyczka,BVITAL | Medycyna estetyczna i kosmetologia,Piotrków Trybunalski,696721214,5,Tak,,,,,,,"Własna strona, obecna na Booksy, prawdopodobnie aktywny Instagram (zdjęcia embedowane), 51 opinii 4.7."
Kosmetyczka,Perfect Look Clinic Piotrków Trybunalski,Piotrków Trybunalski,518552319,5,Tak,,,,,,,"Sieciowa klinika z własną stroną, aktywne FB/IG, 38 opinii 4.8."
Kosmetyczka,Anaïs Spa,Piotrków Trybunalski,607713601,5,Tak,,,,,,,"Własna strona, aktywny FB, 31 opinii 4.8."
Kosmetyczka,Odnowa - klinika lekarzy medycyny estetycznej Piotrków Trybunalski,Piotrków Trybunalski,603041919,5,Tak,,,,,,,"Własna strona, aktywne FB+IG+Booksy, 31 opinii 5.0."
Kosmetyczka,TETIANA LEVINA — kosmetologia & estetyka,Piotrków Trybunalski,731673496,5,Tak,,,,,,,"Własna strona, aktywne FB+IG, 15 opinii 5.0."
Kosmetyczka,Ocean Piękna Joanna Baran,Piotrków Trybunalski,694990989,5,Tak,,,,,,,"Własna strona, aktywny FB, 11 opinii 5.0."
Kosmetyczka,Premium Effect Emilia Krawczyk,Piotrków Trybunalski,509260356,5,Tak,,,,,,,"Własna strona (działa też w Gdańsku), aktywny FB, 3 opinie 5.0."
Kosmetyczka,Permanent Iryna Hoshko,Piotrków Trybunalski,579232147,4,Nie,,,,,,,"Brak własnej strony, bardzo aktywna: FB (13 130 lików!) + IG (1179 obserwujących), 72 opinie Google 5.0 - TOP LEAD."
Kosmetyczka,"""Maestria"" Przystań Relaksu Anna Stelmach Piotrków Trybunalski",Piotrków Trybunalski,791519453,4,Booksy,,,,,,,"Brak własnej strony, FB + Booksy, 58 opinii 4.5 (dwie lokalizacje w mieście)."
Kosmetyczka,GABINET PODOLOGII I KOSMETOLOGII MAGDALENA ROJEWSKA,Piotrków Trybunalski,609698869,4,Nie,,,,,,,"Brak własnej strony, aktywny FB (1076 lików), 47 opinii 4.6, działa od 2012."
Kosmetyczka,Lash Room & Beauty by Paula,Piotrków Trybunalski,507635491,4,Nie,,,,,,,"Brak własnej strony, bardzo aktywny FB (2541 lików), 40 opinii 5.0."
Kosmetyczka,ZACISZE FIZJOTERAPIA & KOSMETOLOGIA,Piotrków Trybunalski,531890540,4,Booksy,,,,,,,"Brak własnej strony, aktywna: FB+IG+Booksy, 26 opinii 5.0."
Kosmetyczka,EwcziMakeup Ewa Kafar,Piotrków Trybunalski,514757341,4,Nie,,,,,,,"Brak własnej strony, aktywna: FB(1394 lików)+IG, 24 opinie 4.8."
Kosmetyczka,Odnowa Salon Kosmetyczny Katarzyna Nadolska,Piotrków Trybunalski,789586411,4,Booksy,,,,,,,"Brak własnej strony, bardzo aktywna: FB(891 lików)+IG+Booksy(124 opinie 5.0 na Booksy), 23 opinie Google 5.0."
Kosmetyczka,oczaruj kosmetologia estetyczna,Piotrków Trybunalski,512664055,4,Nie,,,,,,,"Brak własnej strony, bardzo aktywny FB (2854 lików) i IG, 19 opinii 4.9."
Kosmetyczka,Glow Up! Aleksandra Rusin - Salon Kosmetyczny Piotrków,Piotrków Trybunalski,572485642,4,Booksy,,,,,,,"Brak własnej strony, aktywny FB, obecna na Booksy, 17 opinii 4.9."
Kosmetyczka,Urszula Krawczyk Beauty | Szkolenia | PMU | Brwi | Rzęsy,Piotrków Trybunalski,500052620,4,Booksy,,,,,,,"Brak własnej strony, aktywny FB (jako Akademia Urody) + Booksy, 15 opinii 4.7."
Kosmetyczka,Salon Holistic Beauty Monika Pałubska,Piotrków Trybunalski,510154735,4,Nie,,,,,,,"Brak własnej strony, aktywna: FB+IG, 14 opinii 5.0."
Kosmetyczka,Cosmetology Avenue Monika Pabich,Piotrków Trybunalski,511683488,4,Booksy,,,,,,,"Brak własnej strony, aktywny FB, obecna na Booksy, 13 opinii 5.0."
Kosmetyczka,Sylwia Kierlik Make Up & Ink,Piotrków Trybunalski,500601152,4,Nie,,,,,,,"Brak własnej strony, aktywna: FB(1141 lików)+IG, 10 opinii 5.0."
Kosmetyczka,Pure Beauty - Zuzanna Proskura,Piotrków Trybunalski,784301520,4,Booksy,,,,,,,"Brak własnej strony, aktywny FB + obecna na Booksy, 8 opinii 5.0 (młoda firma)."
Kosmetyczka,Zajączkowska Kosmetolog,Piotrków Trybunalski,669967772,4,Booksy,,,,,,,"Brak własnej strony, bardzo aktywna na Booksy (263 opinie na Booksy, 5.0), 8 opinii Google 4.5, nie znaleziono FB/IG."
Kosmetyczka,Strefa Piękna,Piotrków Trybunalski,519829988,4,Booksy,,,,,,,"Brak własnej strony, aktywny FB + Booksy (96 opinii 5.0 na Booksy), liczba opinii Google niedostępna w scrapie."
Kosmetyczka,Piękne Sztuki Stylizacja & Mani,Piotrków Trybunalski,575294571,3,Nie,,,,,,,"Brak własnej strony, aktywny FB, 21 opinii 4.8."
Kosmetyczka,TATEI BEAUTY Patrycja Gwarda,Piotrków Trybunalski,570966820,3,Nie,,,,,,,"Brak własnej strony, aktywny Instagram (714 obserwujących), 15 opinii 5.0."
Kosmetyczka,4Beauty Salon Fryzjersko - Kosmetyczny,Piotrków Trybunalski,576570971,3,Nie,,,,,,,"Brak własnej strony, aktywny FB, ale niewiele opinii (14, 5.0) i brak Booksy."
Kosmetyczka,"Quality, salon stylizacji rzęs i brwi Patrycja Błaszkowska-Pietraszek",Piotrków Trybunalski,691363251,3,Nie,,,,,,,"Brak własnej strony, obecny FB, 13 opinii 5.0."
Kosmetyczka,So Nails by Oliwia Szmalec,Piotrków Trybunalski,797451585,3,Nie,,,,,,,"Brak własnej strony, aktywny FB (269 lików) i TikTok, 11 opinii 5.0."
Kosmetyczka,Divine Studio - Kinga Grzywacz,Piotrków Trybunalski,796010021,3,Nie,,,,,,,"Brak własnej strony, obecna na Instagramie, 10 opinii 5.0, brak potwierdzonego FB/Booksy."
Kosmetyczka,"Just Beauty - studio kosmetyczne, szkolenia paznokcie",Piotrków Trybunalski,602835692,3,Nie,,,,,,,"Brak własnej strony, aktywny FB, 5 opinii 5.0 (młoda firma)."
Kosmetyczka,ForSkin Kinga Dec,Piotrków Trybunalski,784725299,3,Booksy,,,,,,,"Brak własnej strony, obecna na Booksy, ale tylko 4 opinie 5.0, nie znaleziono FB/IG."
Kosmetyczka,BeautyLab by JustynaMarecka,Piotrków Trybunalski,730930524,3,Nie,,,,,,,"Brak własnej strony, aktywny FB+IG, ale młoda firma - tylko 2 opinie 5.0."
Kosmetyczka,Oliwkowe stylizacje,Piotrków Trybunalski,575777283,2,Nie,,,,,,,"Uzupełniony profil Google (35 opinii, 5.0), nie znaleziono FB/IG/Booksy."
Kosmetyczka,Czarny Motyl Beauty,Piotrków Trybunalski,516515793,2,Nie,,,,,,,"Uzupełniony profil Google (23 opinie, 5.0), nie znaleziono FB/IG/Booksy."
Kosmetyczka,No i Pięknie!,Piotrków Trybunalski,515748674,2,Nie,,,,,,,"Uzupełniony profil Google (11 opinii, 5.0), nie znaleziono potwierdzonego FB/IG/Booksy dla lokalizacji Piotrków."
Kosmetyczka,Gabinet Kosmetyczny Xyntia,Piotrków Trybunalski,601280064,2,Nie,,,,,,,"Uzupełniony profil Google (1 opinia 5.0), nie znaleziono FB/IG/Booksy - starsza firma bez social media."
Kosmetyczka,Glamour Gabinet Kosmetologii i Podologii Agnieszka Piwowarczyk,Przedbórz,535403235,4,Nie,,,,,,,"brak www, aktywny Instagram (@glamour_gabinet, konto dedykowane gabinetowi), 9 opinii Google 5.0 - dobry lead"
Kosmetyczka,Estetic Wiola Salon Kosmetyczny,Przedbórz,537127914,4,Nie,,,,,,,"brak www, aktywny FB (Estetic.Wiola), 5 opinii Google 4.2"
Kosmetyczka,"Hair &Beauty Centrum Aneta Lubczyńska Gabinet Dermotrychologiczny, Trychologia Fryzjerstwo Kosmetyka",Przedbórz,605938332,2,Nie,,,,,,,"uzupełniony profil Google (6 opinii, 5.0), nie znaleziono FB/IG/Booksy mimo research"
Kosmetyczka,Metamorfoza Gabinet Kosmetyki Profesjonalnej Natalia Jędrzejczyk,Przedbórz,885456358,4,Nie,,,,,,,"brak www, aktywny FB, tylko 2 opinie Google 5.0 (młoda/mała firma) - dobry lead"
Kosmetyczka,Eden. Gabinet kosmetyczny. Hajduk A.,Przedbórz,691961598,3,Nie,,,,,,,"profil Google bez opinii/oceny (niedokończony), ale ma aktywny FB (Gabinet kosmetyczny EDEN, telefon zgodny)"
Kosmetyczka,Aga. Salon fryzjersko - kosmetyczny,Przedbórz,447815122,2,Nie,,,,,,,"uzupełniony profil Google (6 opinii, 4.7), firma na rynku od 1992 - nie znaleziono FB/IG/Booksy mimo research"
Kosmetyczka,YASUMI,Radomsko,517292390,5,Tak,,,,,,,"ma własną stronę www + aktywny FB/IG/Booksy, 94 opinie 4.9 — bardzo mocna obecność online"
Kosmetyczka,LAUREN Beauty Salon,Radomsko,503600760,5,Tak,,,,,,,"ma własną stronę www + FB/IG/Booksy, 13 opinii 5.0"
Kosmetyczka,ILARTO salon kosmetyczny,Radomsko,664949082,5,Tak,,,,,,,"ma własną stronę www + Booksy, 25 opinii 4.7; FB/IG nie znalezione"
Kosmetyczka,Julia Bednarska Make-up,Radomsko,739090942,2,Nie,,,,,,,"uzupełniony profil Google (10 opinii, 5.0), brak www; wyszukiwanie nie potwierdziło jednoznacznie profilu FB/IG (popularne imię i nazwisko)"
Kosmetyczka,Aleksandra Gomola Beauty • Radomsko • Makijaż permanentny brwi • Stylizacja brwi • Makijaż okolicznościowy,Radomsko,733520647,4,Booksy,,,,,,,"brak www, ale bardzo aktywny Instagram (5,1 tys. obserwujących), FB i Booksy, 29 opinii 4.9 — mocny lead"
Kosmetyczka,Gabinet Kosmetologii MN Magdalena Nowicka,Radomsko,725111236,4,Nie,,,,,,,"brak www, aktywny FB, 60 opinii 4.9 — dużo opinii, dobry lead"
Kosmetyczka,Studio Urody Radomsko,Radomsko,506016750,5,Tak,,,,,,,"ma własną stronę www + FB/IG, 10 opinii 5.0"
Kosmetyczka,Milady Salon,Radomsko,511245015,4,Booksy,,,,,,,"brak www, aktywny FB + Booksy, 14 opinii 5.0"
Kosmetyczka,ES Beauty,Radomsko,797165228,4,Nie,,,,,,,"brak www, aktywny FB (1042 polubienia), 29 opinii 5.0"
Kosmetyczka,Zakątek Zdrowia i Urody,Radomsko,571091222,1,Nie,,,,,,,"tylko 2 opinie w Google, brak potwierdzonych social media — słaba, niedokończona obecność online"
Kosmetyczka,Skin Care Clinic Julia Wojtecka,Radomsko,793027642,5,Tak,,,,,,,"ma własną stronę www + FB/IG/Booksy, 51 opinii 5.0 — bardzo mocna obecność online"
Kosmetyczka,Salon kosmetyczny Urodiva,Radomsko,513726767,2,Nie,,,,,,,"uzupełniony profil Google (14 opinii, 5.0), ale nazwy nie udało się jednoznacznie potwierdzić w social media"
Kosmetyczka,Hello Beauty Studio Urody,Radomsko,793390041,4,Nie,,,,,,,"brak www, potwierdzony FB (Radomsko), 13 opinii 4.8"
Kosmetyczka,Aniri Salon&Solarium,Radomsko,507142585,4,Nie,,,,,,,"brak www, aktywny Instagram + FB, 22 opinie 4.8"
Kosmetyczka,Zaczarowane Pędzle,Radomsko,516188251,5,Tak,,,,,,,"ma własną stronę www + FB/IG, 75 opinii 4.9 — mocna obecność online"
Kosmetyczka,Bellami Edyta Kolba,Radomsko,731751707,5,Tak,,,,,,,"ma własną stronę www + FB/IG/Booksy, 17 opinii 4.5"
Kosmetyczka,Salon Kosmetyczny Jagoda Zielińska,Radomsko,508302007,4,Nie,,,,,,,"brak www, FB + Instagram, 6 opinii 5.0"
Kosmetyczka,Gabinet Kosmetyczny oraz Studio Wizażu i Charakteryzacji Estetica,Radomsko,601812827,5,Tak,,,,,,,"ma własną stronę www (przestarzała, cert wygasł) + FB/IG, 15 opinii 5.0"
Kosmetyczka,"Aura Care - koreańska laminacja, stylizacja paznokci",Radomsko,530048712,2,Booksy,,,,,,,"uzupełniony profil Google (6 opinii, 5.0) + Booksy, ale brak potwierdzonego FB/IG"
Kosmetyczka,PEDI-LUX AGNIESZKA LISOWSKA GABINET PODOLOGICZNO - KOSMETYCZNY,Radomsko,507436866,3,Nie,,,,,,,"brak www, potwierdzony FB, ale tylko 3 opinie w Google — mniejszy profil"
Kosmetyczka,Weronika Krakowiak Face&Body Makeup,Radomsko,519820604,2,Nie,,,,,,,"uzupełniony profil Google (11 opinii, 5.0), obecność głównie na Fresha/Google Business, brak potwierdzonego FB/IG dedykowanego firmie"
Kosmetyczka,Esther Beauty,Radomsko,792920250,4,Nie,,,,,,,"brak www, aktywny FB (794 polubienia), 12 opinii 4.0"
Kosmetyczka,Atelier Urody Metamorfoza,Radomsko,508828538,4,Nie,,,,,,,"domena atelier-metamorfoza.pl wygasła (zaparkowana), realnie brak www; aktywny FB (1312 polubień), 14 opinii 5.0"
Kosmetyczka,MK Klinika Urody,Radomsko,694195140,5,Tak,,,,,,,"domena www z Google Maps obecnie nie odpowiada (DNS error), ale FB/IG aktywne, 14 opinii 4.1"
Kosmetyczka,A&O Salon fryzjersko-kosmetyczny,Radomsko,577440320,4,Booksy,,,,,,,"brak www, Instagram + Booksy, 8 opinii 5.0"
Kosmetyczka,Chwila Oddechu,Radomsko,889142629,5,Tak,,,,,,,"ma własną stronę www + FB/IG/Booksy, 96 opinii 4.9 — najmocniejsza obecność w tej grupie"
Kosmetyczka,Żaneta Koprowska Makijaż Permanentny,Radomsko,516890101,4,Nie,,,,,,,"brak www, aktywny FB + Instagram (606 obserwujących), 48 opinii 5.0"
Kosmetyczka,Brevka Studio Brwi i Rzęs,Radomsko,785888865,4,Nie,,,,,,,"brak www, aktywny FB + Instagram, 79 opinii 4.9 — bardzo dobry lead"
Kosmetyczka,Ameline pielęgnacja i makijaż,Radomsko,602742554,5,Tak,,,,,,,"ma własną stronę www + FB, 4 opinie 5.0 (mała próbka)"
Kosmetyczka,Instytut Urody Bardot,Radomsko,690018118,5,Tak,,,,,,,"ma własną stronę www + FB, 14 opinii 4.5"
Kosmetyczka,HOFFMAN STUDIO,Radomsko,503605642,4,Nie,,,,,,,"brak www, aktywny FB + Instagram (5,5 tys. obserwujących), 24 opinie 4.8"
Kosmetyczka,Medycyna Estetyczna Natalia Chrząstek,Radomsko,793069317,4,Booksy,,,,,,,"brak www, aktywny FB + Instagram (1,9 tys. obserwujących) + Booksy, 16 opinii 5.0 — bardzo dobry lead"
Kosmetyczka,Młynek Ewa. Gabinet kosmetyczny,Radomsko,502583235,5,Tak,,,,,,,"ma własną stronę www (salonevita.pl) + FB, 13 opinii 3.8 — najniższa ocena w grupie"
Kosmetyczka,Gold Beauty Pracownia Piękna,Radomsko,693827778,2,Booksy,,,,,,,"uzupełniony profil Google (7 opinii, 4.3), nie udało się jednoznacznie potwierdzić social media dla tego numeru telefonu"
Kosmetyczka,Glow Room Kamila Hofman,Radomsko,733618782,4,Nie,,,,,,,"brak www, aktywny Instagram (1,1 tys. obserwujących), 9 opinii 5.0"
Kosmetyczka,Maja Turniak Salon kosmetyczny,Rozprza,692108290,4,Nie,,,,,,,"Aktywny FB (rolki/wideo) i IG (827 obserwujących, 445 postów), tylko 5 opinii Google, brak własnej strony."
Kosmetyczka,Visage,Rozprza,443070427,4,Nie,,,,,,,"Bardzo aktywny FB (3500+ obserwujących) i IG, 16 opinii Google 4.8, brak własnej strony - najlepszy lead w grupie."
Kosmetyczka,Piękna Sprawa Beauty Studio,Rozprza,797710720,4,Nie,,,,,,,"26 opinii Google 5.0 (najwięcej w grupie), aktywny FB, brak własnej strony."
Kosmetyczka,Basic Beauty Instruktor Marta Król,Rozprza,572191087,2,Nie,,,,,,,"Uzupełniony profil Google (13 opinii, 5.0), nie znaleziono aktywnego FB/IG/Booksy w wyszukiwaniu."
Kosmetyczka,House Of Beauty Paulina Lasek,Rozprza,725141060,3,Nie,,,,,,,"Profil Google bez widocznych opinii/oceny w scrapie, ale ma aktywny FB (ok. 239 polubień)."
Kosmetyczka,Be beauty- instytut nowoczesnej kosmetyki,Włodzimierzów,504812263,4,Nie,,,,,,,"Bardzo aktywna: Facebook (Instytut Nowoczesnej Kosmetyki), rezerwacje online przez Fresha, 37 opinii Google (4.8), ale brak własnej strony internetowej — dobry potencjał."
Kosmetyczka,Salon kosmetyczny Małgorzata Wzorek,Sulejów,788877187,4,Nie,,,,,,,"Aktywna na dwóch kanałach: Facebook (577 polubień) i Instagram, tylko 7 opinii Google (5.0), ale realna obecność w social media, brak własnej strony — dobry potencjał."
Kosmetyczka,AURA salon,Sulejów,666407785,3,Nie,,,,,,,"Uzupełniony profil Google (26 opinii, 5.0), aktywny Instagram, brak Facebooka/Booksy i www."
Kosmetyczka,Monika Staniewska FACE STUDIO,Sulejów,603770915,3,Nie,,,,,,,"Uzupełniony profil Google (18 opinii, 5.0), aktywny Facebook, brak Instagrama/Booksy i www."
Kosmetyczka,NOVA Magda Kowalska makijaż permanentny i stylizacja rzęs,Sulejów,515235861,3,Nie,,,,,,,"Uzupełniony profil Google (18 opinii, 5.0), aktywny Facebook, brak Instagrama/Booksy i www."
Kosmetyczka,MajFi_beauty Kinga Bałecka,Sulejów,509530559,3,Nie,,,,,,,"Uzupełniony profil Google (11 opinii, 5.0), aktywny Instagram, brak Facebooka/Booksy i www."
Kosmetyczka,Beauty Studio,Sulejów,698464259,3,Nie,,,,,,,"Uzupełniony profil Google (10 opinii, 5.0), aktywny Facebook, brak Instagrama/Booksy i własnej strony."
Kosmetyczka,DIAMONDS BEAUTY Aleksandra Krasoń,Sulejów,730165130,3,Nie,,,,,,,"Uzupełniony profil Google (9 opinii, 5.0), znaleziono Facebooka właścicielki (Aleksandra Krasoń make up, Sulejów), brak Instagrama/Booksy i www."
Kosmetyczka,LEJDIS,Sulejów,739048122,2,Nie,,,,,,,"Dobrze uzupełniony profil Google (37 opinii, 4.8), nie udało się jednoznacznie potwierdzić dedykowanego Facebooka/Instagrama/Booksy dla tej lokalizacji (nazwa popularna w innych miastach), brak www."
Kosmetyczka,Katarzyna Sobczyk Beauty,Sulejów,667655779,1,Nie,,,,,,,"Bardzo skromny profil Google (tylko 1 opinia), nie znaleziono potwierdzonego Facebooka/Instagrama/Booksy, brak www — firma praktycznie niewidoczna online."
Kosmetyczka,JustSkin Klinika Medycyny Estetycznej i Kosmetologii,Tomaszów Mazowiecki,514035265,5,Tak,,,,,,,Ma własną stronę (http://www.justskin.com.pl/). Aktywna: FB. 146 opinii 4.9.
Kosmetyczka,Day SPA Metamorfoza,Tomaszów Mazowiecki,790820154,5,Tak,,,,,,,Ma własną stronę (https://metamorfozatomaszow.pl/). Brak potwierdzonych social media. 81 opinii 5.0.
Kosmetyczka,Mon4You Salon Kosmetyczny Monika Pietrzyk Tomaszów Mazowiecki ul. Św. Antoniego 18,Tomaszów Mazowiecki,667142201,5,Tak,,,,,,,Ma własną stronę (http://mon4you.pl/). Aktywna: FB. 47 opinii 5.0.
Kosmetyczka,BLINK Beauty Studio Magdalena Grałek,Tomaszów Mazowiecki,502893860,5,Tak,,,,,,,Ma własną stronę (http://blinkbeauty.pl/). Aktywna: IG+Booksy. 31 opinii 4.8.
Kosmetyczka,Salon Pazurek - Beauty Academy,Tomaszów Mazowiecki,791170171,5,Tak,,,,,,,Ma własną stronę (http://www.garczynskabeauty.pl/). Aktywna: FB+IG+Booksy. 22 opinii 4.8.
Kosmetyczka,Salon Kosmetyczny Glamour Studio Odchudzania I Kształtowania Sylwetki,Tomaszów Mazowiecki,601807247,5,Tak,,,,,,,Ma własną stronę (http://www.gabinetglamour.com/). Aktywna: FB+IG. 9 opinii 5.0.
Kosmetyczka,Studio Butterfly Kosmetologia estetyczna,Tomaszów Mazowiecki,663797737,5,Tak,,,,,,,"Ma własną stronę (https://saloner.pl/salon/studio-butterfly). Brak potwierdzonych social media. 8 opinii 5.0. Profil na platformie saloner.pl (agregator/rezerwacje), nie potwierdzono dedykowanych social mediów salonu."
Kosmetyczka,Atelier Piękna Izabela Iskierka,Tomaszów Mazowiecki,512013405,4,Booksy,,,,,,,"Brak własnej strony, aktywna: Booksy, 105 opinii Google 5.0 - dobry lead."
Kosmetyczka,Zafixowana Pracownia Mejkapu,Tomaszów Mazowiecki,604504293,4,Nie,,,,,,,"Brak własnej strony, aktywna: FB, 88 opinii Google 5.0 - dobry lead."
Kosmetyczka,"Mokrogulska Beauty, Med&Spa - Instytut Kosmetologii i Modelowania Figury",Tomaszów Mazowiecki,661755459,4,Nie,,,,,,,"Brak własnej strony, aktywna: FB, 58 opinii Google 4.9 - dobry lead."
Kosmetyczka,"Studio beauty""NP"" Nataliia Pryimak",Tomaszów Mazowiecki,576094566,4,Booksy,,,,,,,"Brak własnej strony, aktywna: FB+IG+Booksy, 50 opinii Google 4.8 - dobry lead."
Kosmetyczka,Beautyka Centrum Urody,Tomaszów Mazowiecki,732880883,4,Booksy,,,,,,,"Brak własnej strony, aktywna: FB+Booksy, 35 opinii Google 5.0 - dobry lead."
Kosmetyczka,TA OD MANI Karolina Jochan,Tomaszów Mazowiecki,534477322,4,Nie,,,,,,,"Brak własnej strony, aktywna: FB, 33 opinii Google 5.0 - dobry lead."
Kosmetyczka,Studio Sylwia Kaszczyk Maluje,Tomaszów Mazowiecki,695604005,4,Nie,,,,,,,"Brak własnej strony, aktywna: IG, 29 opinii Google 5.0 - dobry lead."
Kosmetyczka,Centrum Urody Izabela Osenka,Tomaszów Mazowiecki,447240502,4,Nie,,,,,,,"Brak własnej strony, aktywna: FB+IG, 23 opinii Google 4.5 - dobry lead."
Kosmetyczka,Strefa Piękna Paulina Jakóbczyk,Tomaszów Mazowiecki,798023330,4,Nie,,,,,,,"Brak własnej strony, aktywna: FB, 19 opinii Google 5.0 - dobry lead."
Kosmetyczka,Beauty Lab,Tomaszów Mazowiecki,728719336,4,Nie,,,,,,,"Brak własnej strony, aktywna: FB, 16 opinii Google 5.0 - dobry lead."
Kosmetyczka,BEAUTY SPOT Aneta Wasilewska,Tomaszów Mazowiecki,507804704,4,Nie,,,,,,,"Brak własnej strony, aktywna: FB, 16 opinii Google 5.0 - dobry lead."
Kosmetyczka,Studio Stylizacji Pomalovane,Tomaszów Mazowiecki,503162667,4,Nie,,,,,,,"Brak własnej strony, aktywna: FB, 16 opinii Google 5.0 - dobry lead."
Kosmetyczka,Salon kosmetyczny - Renata,Tomaszów Mazowiecki,447250202,4,Nie,,,,,,,"Brak własnej strony, aktywna: FB, 15 opinii Google 4.1 - dobry lead."
Kosmetyczka,Beauty Room by Marta Trela,Tomaszów Mazowiecki,606369055,4,Nie,,,,,,,"Brak własnej strony, aktywna: FB, 15 opinii Google 5.0 - dobry lead."
Kosmetyczka,Świat Piękna Salon Kosmetyczny,Tomaszów Mazowiecki,509092005,3,Nie,,,,,,,"Brak własnej strony, ma FB, ale niewielka aktywność (11 opinii 4.9)."
Kosmetyczka,Harmonia Gabinet Kosmetologiczny Małgorzata Kozłowska,Tomaszów Mazowiecki,535932657,3,Nie,,,,,,,"Brak własnej strony, ma FB, ale niewielka aktywność (11 opinii 4.6)."
Kosmetyczka,Salon urody Kopacz Beauty,Tomaszów Mazowiecki,500316941,3,Nie,,,,,,,"Brak własnej strony, ma FB, ale niewielka aktywność (10 opinii 4.8)."
Kosmetyczka,Beauty Studio Paulina Marczak,Tomaszów Mazowiecki,601904114,3,Nie,,,,,,,"Brak własnej strony, ma FB, ale niewielka aktywność (10 opinii 5.0)."
Kosmetyczka,Colibra ibeauty Aleksandra Ćwiertnia,Tomaszów Mazowiecki,515170549,3,Nie,,,,,,,"Brak własnej strony, ma FB, ale niewielka aktywność (10 opinii 5.0)."
Kosmetyczka,Salon Kosmetyczny Prestiż,Tomaszów Mazowiecki,888040944,3,Nie,,,,,,,"Brak własnej strony, ma FB, ale niewielka aktywność (8 opinii 2.4)."
Kosmetyczka,Chmielewska Beauty Studio,Tomaszów Mazowiecki,577220491,3,Booksy,,,,,,,"Brak własnej strony, ma Booksy, ale niewielka aktywność (6 opinii 5.0)."
Kosmetyczka,Estelle,Tomaszów Mazowiecki,789420205,3,Booksy,,,,,,,"Brak własnej strony, ma Booksy, ale niewielka aktywność (5 opinii 5.0)."
Kosmetyczka,Glam Beauty Nails & Lashes,Tomaszów Mazowiecki,512856789,3,Booksy,,,,,,,"Brak własnej strony, ma Booksy, ale niewielka aktywność (4 opinii 4.0)."
Kosmetyczka,Beauty Manifest Tomaszów Mazowiecki,Tomaszów Mazowiecki,883941902,3,Nie,,,,,,,"Brak własnej strony, ma FB, ale niewielka aktywność (3 opinii 5.0)."
Kosmetyczka,Queen Viktoria,Tomaszów Mazowiecki,736916115,3,Nie,,,,,,,"Brak własnej strony, ma IG, ale niewielka aktywność (1 opinii 5.0)."
Kosmetyczka,Klinika Kosmetologiczna NaturStyl - Sławomira Witkowska-Orzeszek,Tomaszów Mazowiecki,507726460,3,Nie,,,,,,,"Brak własnej strony, ma FB, ale niewielka aktywność (mało opinii Google). UWAGA: domena naturstyl.pl z Google Maps nie działa (nie rozwiązuje się) - traktować jako brak realnej strony www."
Kosmetyczka,ALL4BEAUTY Salon Kosmetyczny,Tomaszów Mazowiecki,730393949,3,Nie,,,,,,,"Brak własnej strony, ma FB, ale niewielka aktywność (mało opinii Google)."
Kosmetyczka,Gabinet Kosmetyczny „Piękno w Atmosferze”. Kursy Kosmetyczne. Szkolenia Kosmetyczne. Pedicure.,Tomaszów Mazowiecki,660772903,2,Nie,,,,,,,"Uzupełniony profil Google (56 opinii 4.9), brak potwierdzonych FB/IG/Booksy."
Kosmetyczka,Gabinet kosmetyczny Sisi,Tomaszów Mazowiecki,513802773,2,Nie,,,,,,,"Uzupełniony profil Google (19 opinii 4.8), brak potwierdzonych FB/IG/Booksy."
Kosmetyczka,Salon Fryzjersko Kosmetyczno Podologiczny Paulina Bugalska,Tomaszów Mazowiecki,602586970,2,Nie,,,,,,,"Uzupełniony profil Google (14 opinii 4.6), brak potwierdzonych FB/IG/Booksy."
Kosmetyczka,Marilyn. Studio zdrowia i urody,Tomaszów Mazowiecki,693460797,2,Nie,,,,,,,"Uzupełniony profil Google (10 opinii 4.6), brak potwierdzonych FB/IG/Booksy."
Kosmetyczka,Salon kosmetyczny u Agi. Manicure. Pedicure. Mikrodermabrazja.,Tomaszów Mazowiecki,790626238,2,Nie,,,,,,,"Uzupełniony profil Google (10 opinii 4.6), brak potwierdzonych FB/IG/Booksy."
Kosmetyczka,Afrodyta - Centrum Zdrowia i Urody,Tomaszów Mazowiecki,603712149,2,Nie,,,,,,,"Uzupełniony profil Google (5 opinii 4.4), brak potwierdzonych FB/IG/Booksy."
Kosmetyczka,"Gabinet Kosmetyczny ""KASIA"" Katarzyna Rożej",Tomaszów Mazowiecki,503103836,2,Nie,,,,,,,"Uzupełniony profil Google (4 opinii 5.0), brak potwierdzonych FB/IG/Booksy."
Kosmetyczka,Opalanie Natryskowe Katarzyna Łysakowska,Tomaszów Mazowiecki,517299170,1,Nie,,,,,,,"Bardzo słaba obecność online: brak www i social media, 3 opinii Google."
Kosmetyczka,Gabinet Urody Elizabeth Elżbieta Mucha,Tomaszów Mazowiecki,509610267,1,Nie,,,,,,,"Bardzo słaba obecność online: brak www i social media, 3 opinii Google."
Kosmetyczka,OF Beauty Studio,Tomaszów Mazowiecki,574139514,1,Nie,,,,,,,"Bardzo słaba obecność online: brak www i social media, 1 opinii Google."
Kosmetyczka,"""OdNowa"" Kosmetyka Adrianna Nowicka (Salon Kosmetyczny)",Wolbórz,697468487,3,Nie,,,,,,,"brak www, aktywny Facebook (ok. 640 polubien wg wyszukiwania), ale tylko 2 opinie w Google (5.0) - dwie wizytowki Maps dla tej samej firmy, scalone"
Kosmetyczka,salon urody Margot (Agnieszka Kwiecień),Wolbórz,602407854,2,Nie,,,,,,,"uzupelniony profil Google (2 opinie, 4.5), obecna tylko w katalogach firm (gabinetkosmetyka.pl, panoramafirm), brak potwierdzonego Facebooka/Instagrama/Booksy mimo researchu"
Kosmetyczka,Maya Nails (Maja Stępniewska),Wolbórz,790279699,3,Nie,,,,,,,"uzupelniony profil Google (5 opinii, 5.0), ma Facebooka (maya.nails.wolborz), brak wlasnej strony www i potwierdzonego Instagrama/Booksy"
